100;8;"ALISSON Ramses Becker";"ROMA";1;0;1;5.0;0;1;6.0;0;1;0;0;0;0;0;0;0;0;0;0;1;1;1;0;17
101;8;"BELEC Vid";"BENEVENTO";1;0;0;0.0;0;0;0.0;0;0;0;0;0;0;0;0;0;0;0;0;0;0;0;0;7
102;8;"BERISHA Etrit";"ATALANTA";1;0;1;2.5;0;1;5.5;0;3;0;0;0;0;0;0;0;0;0;0;1;1;1;0;14
103;8;"BERNI Tommaso";"INTER";1;0;0;0.0;0;0;0.0;0;0;0;0;0;0;0;0;0;0;0;0;0;0;0;0;1
104;8;"BIZZARRI Benjamin";"UDINESE";1;0;1;3.0;0;1;5.0;0;2;0;0;0;0;0;0;0;0;0;0;1;1;1;0;3
105;8;"BUFFON Gianluigi";"JUVENTUS";1;0;1;3.5;0;1;6.0;0;2;0;0;0;1;0;0;1;0;0;0;1;1;1;0;17
106;8;"CONFENTE Alessandro";"CHIEVO";1;0;0;0.0;0;0;0.0;0;0;0;0;0;0;0;0;0;0;0;0;0;0;0;0;1
107;8;"CONSIGLI Andrea";"SASSUOLO";1;0;1;6.5;0;1;6.5;0;0;0;0;0;0;0;0;0;0;0;0;1;1;1;0;13
108;8;"COPPOLA Ferdinando";"VERONA";1;0;0;0.0;0;0;0.0;0;0;0;0;0;0;0;0;0;0;0;0;0;0;0;0;1
109;8;"CORDAZ Alex";"CROTONE";1;0;1;4.0;0;1;6.0;0;2;0;0;0;0;0;0;0;0;0;0;1;1;1;0;12
110;8;"COTTICELLI Antonio";"BENEVENTO";1;0;0;0.0;0;0;0.0;0;0;0;0;0;0;0;0;0;0;0;0;0;0;0;0;1
111;8;"CRAGNO Alessio";"CAGLIARI";1;0;1;4.5;0;1;6.5;0;2;0;0;0;0;0;0;0;0;0;0;1;1;1;0;12
112;8;"CROSTA Luca";"CAGLIARI";1;0;0;0.0;0;0;0.0;0;0;0;0;0;0;0;0;0;0;0;0;0;0;0;0;1
113;8;"DA COSTA";"BOLOGNA";1;0;0;0.0;0;0;0.0;0;0;0;0;0;0;0;0;0;0;0;0;0;0;0;0;3
114;8;"DONNARUMMA Gianluigi";"MILAN";1;0;1;3.0;0;1;6.0;0;3;0;0;0;0;0;0;1;0;0;0;1;1;1;0;14
115;8;"DONNARUMMA Antonio";"MILAN";1;0;0;0.0;0;0;0.0;0;0;0;0;0;0;0;0;0;0;0;0;0;0;0;0;1
116;8;"DRAGOWSKI Bartolomiej";"FIORENTINA";1;0;0;0.0;0;0;0.0;0;0;0;0;0;0;0;0;0;0;0;0;0;0;0;0;1
117;8;"FESTA Marco";"CROTONE";1;0;0;0.0;0;0;0.0;0;0;0;0;0;0;0;0;0;0;0;0;0;0;0;0;1
118;8;"GOLLINI Pierluigi";"ATALANTA";1;0;0;0.0;0;0;0.0;0;0;0;0;0;0;0;0;0;0;0;0;0;0;0;0;2
119;8;"GOMIS Alfred";"SPAL";1;0;1;4.0;0;1;6.0;0;2;0;0;0;0;0;0;0;0;0;0;1;1;1;0;5
120;8;"GUERRIERI Guido";"LAZIO";1;0;0;0.0;0;0;0.0;0;0;0;0;0;0;0;0;0;0;0;0;0;0;0;0;1
121;8;"HANDANOVIC Samir";"INTER";1;0;1;4.0;0;1;7.0;0;2;0;0;0;0;0;0;0;0;0;1;1;1;1;0;19
123;8;"KRAPIKAS Titas";"SAMPDORIA";1;0;0;0.0;0;0;0.0;0;0;0;0;0;0;0;0;0;0;0;0;0;0;0;0;1
124;8;"LAMANNA Eugenio";"GENOA";1;0;0;0.0;0;0;0.0;0;0;0;0;0;0;0;0;0;0;0;0;0;0;0;0;1
125;8;"LOBONT Bogdan";"ROMA";1;0;0;0.0;0;0;0.0;0;0;0;0;0;0;0;0;0;0;0;0;0;0;0;0;1
126;8;"MARCHEGIANI Gabriele";"SPAL";1;0;0;0.0;0;0;0.0;0;0;0;0;0;0;0;0;0;0;0;0;0;0;0;0;1
127;8;"MERET Alex";"SPAL";1;0;0;0.0;0;0;0.0;0;0;0;0;0;0;0;0;0;0;0;0;0;0;0;0;6
128;8;"MILINKOVIC Vanja";"TORINO";1;0;0;0.0;0;0;0.0;0;0;0;0;0;0;0;0;0;0;0;0;0;0;0;0;1
129;8;"MIRANTE Antonio";"BOLOGNA";1;0;1;5.0;0;1;6.0;0;1;0;0;0;0;0;0;0;0;0;0;1;1;1;0;13
130;8;"NICOLAS Andrade";"VERONA";1;0;1;6.0;0;1;6.0;0;0;0;0;0;0;0;0;0;0;0;0;1;1;1;0;9
131;8;"PADELLI Daniele";"INTER";1;0;0;0.0;0;0;0.0;0;0;0;0;0;0;0;0;0;0;0;0;0;0;0;0;1
132;8;"PEGOLO Gianluca";"SASSUOLO";1;0;0;0.0;0;0;0.0;0;0;0;0;0;0;0;0;0;0;0;0;0;0;0;0;1
133;8;"PERIN Mattia";"GENOA";1;0;1;5.0;0;1;7.0;0;2;0;0;0;0;0;0;1;0;0;0;1;1;1;0;14
134;8;"PINSOGLIO Carlo";"JUVENTUS";1;0;0;0.0;0;0;0.0;0;0;0;0;0;0;0;0;0;0;0;0;0;0;0;0;1
136;8;"PUGGIONI Christian";"SAMPDORIA";1;0;1;5.0;0;1;6.0;0;1;0;0;0;0;0;0;0;0;0;0;1;1;1;0;6
137;8;"RAFAEL De Andrade";"CAGLIARI";1;0;1;5.0;0;1;6.0;0;1;0;0;0;0;0;0;0;0;0;0;1;0;1;0;2
138;8;"RAFAEL Cabral Barbosa";"NAPOLI";1;0;0;0.0;0;0;0.0;0;0;0;0;0;0;0;0;0;0;0;0;0;0;0;0;1
139;8;"RAVAGLIA Federico";"BOLOGNA";1;0;0;0.0;0;0;0.0;0;0;0;0;0;0;0;0;0;0;0;0;0;0;0;0;1
140;8;"REINA Jose' Manuel Paez";"NAPOLI";1;0;1;7.0;0;1;7.0;0;0;0;0;0;0;0;0;0;0;0;0;1;1;1;0;17
141;8;"ROSSI Francesco";"ATALANTA";1;0;0;0.0;0;0;0.0;0;0;0;0;0;0;0;0;0;0;0;0;0;0;0;0;1
142;8;"SCUFFET Simone";"UDINESE";1;0;0;0.0;0;0;0.0;0;0;0;0;0;0;0;0;0;0;0;0;0;0;0;0;10
143;8;"SECULIN Andrea";"CHIEVO";1;0;0;0.0;0;0;0.0;0;0;0;0;0;0;0;0;0;0;0;0;0;0;0;0;1
144;8;"SEPE Luigi";"NAPOLI";1;0;0;0.0;0;0;0.0;0;0;0;0;0;0;0;0;0;0;0;0;0;0;0;0;1
145;8;"SILVESTRI Marco";"VERONA";1;0;0;0.0;0;0;0.0;0;0;0;0;0;0;0;0;0;0;0;0;0;0;0;0;1
146;8;"SIRIGU Salvatore";"TORINO";1;0;1;3.0;0;1;5.0;0;2;0;0;0;0;0;0;0;0;0;0;1;1;1;0;13
147;8;"SKORUPSKI Lukasz";"ROMA";1;0;0;0.0;0;0;0.0;0;0;0;0;0;0;0;0;0;0;0;0;0;0;0;0;1
148;8;"SORRENTINO Stefano";"CHIEVO";1;0;1;6.0;0;1;6.0;0;0;0;0;0;0;0;0;0;0;0;0;1;1;1;0;14
149;8;"SPORTIELLO Marco";"FIORENTINA";1;0;1;5.5;0;1;6.5;0;1;0;0;0;0;0;0;0;0;0;0;1;1;1;0;16
150;8;"STORARI Marco";"MILAN";1;0;0;0.0;0;0;0.0;0;0;0;0;0;0;0;0;0;0;0;0;0;0;0;0;1
151;8;"STRAKOSHA Thomas";"LAZIO";1;0;1;10.0;0;1;8.0;0;1;0;0;0;0;0;0;1;1;0;0;1;1;1;0;17
152;8;"SZCZESNY Wojciech";"JUVENTUS";1;0;0;0.0;0;0;0.0;0;0;0;0;0;0;0;0;0;0;0;0;0;0;0;0;4
154;8;"VARGIC Ivan";"LAZIO";1;0;0;0.0;0;0;0.0;0;0;0;0;0;0;0;0;0;0;0;0;0;0;0;0;1
155;8;"VISCOVO Aniello";"CROTONE";1;0;0;0.0;0;0;0.0;0;0;0;0;0;0;0;0;0;0;0;0;0;0;0;0;1
156;8;"VIVIANO Emiliano";"SAMPDORIA";1;0;0;0.0;0;0;0.0;0;0;0;0;0;0;0;0;0;0;0;0;0;0;0;0;9
158;8;"ZIMA Lukas";"GENOA";1;0;0;0.0;0;0;0.0;0;0;0;0;0;0;0;0;0;0;0;0;0;0;0;0;1
159;8;"MARSON Leonardo";"SASSUOLO";1;0;0;0.0;0;0;0.0;0;0;0;0;0;0;0;0;0;0;0;0;0;0;0;0;1
160;8;"BRIGNOLI Alberto";"BENEVENTO";1;0;1;5.0;0;1;6.5;0;1;0;0;0;1;0;0;0;0;0;0;1;1;1;0;2
161;8;"CEROFOLINI Michele";"FIORENTINA";1;0;0;0.0;0;0;0.0;0;0;0;0;0;0;0;0;0;0;0;0;0;0;0;0;1
162;8;"PISCITELLI Riccardo";"BENEVENTO";1;0;0;0.0;0;0;0.0;0;0;0;0;0;0;0;0;0;0;0;0;0;0;0;0;1
163;8;"ICHAZO Salvador";"TORINO";1;0;0;0.0;0;0;0.0;0;0;0;0;0;0;0;0;0;0;0;0;0;0;0;0;1
164;8;"BORSELLINI Davide";"UDINESE";1;0;0;0.0;0;0;0.0;0;0;0;0;0;0;0;0;0;0;0;0;0;0;0;0;1
165;8;"SANTURRO Antonio";"BOLOGNA";1;0;0;0.0;0;0;0.0;0;0;0;0;0;0;0;0;0;0;0;0;0;0;0;0;1
166;8;"MARCHETTI Federico";"LAZIO";1;0;0;0.0;0;0;0.0;0;0;0;0;0;0;0;0;0;0;0;0;0;0;0;0;1
167;8;"TOZZO Andrea";"SAMPDORIA";1;0;0;0.0;0;0;0.0;0;0;0;0;0;0;0;0;0;0;0;0;0;0;0;0;1
200;8;"ABATE Ignazio";"MILAN";1;1;0;0.0;0;0;0.0;0;0;0;0;0;0;0;0;0;0;0;0;0;0;0;0;5
201;8;"ACERBI Francesco";"SASSUOLO";1;1;1;6.5;0;1;6.5;0;0;0;0;0;0;0;0;0;0;0;0;1;1;1;0;16
202;8;"ADJAPONG Claud";"SASSUOLO";1;1;0;0.0;0;0;0.0;0;0;0;0;0;0;0;0;0;0;0;0;0;0;0;0;4
203;8;"ADNAN Ali Kadhim";"UDINESE";1;1;1;6.0;0;1;6.0;0;0;0;0;0;0;0;0;0;0;0;0;1;0;1;0;4
204;8;"ALBIOL Tortajada Raul";"NAPOLI";1;1;1;7.0;0;1;7.0;0;0;0;0;0;0;0;0;0;0;0;0;1;1;1;0;11
205;8;"ALEX SANDRO";"JUVENTUS";1;1;0;0.0;0;0;0.0;0;0;0;0;0;0;0;0;0;0;0;0;0;0;0;0;20
206;8;"ANDREOLLI Marco";"CAGLIARI";1;1;0;0.0;0;0;0.0;0;0;0;0;0;0;0;0;0;0;0;0;0;0;0;0;5
207;8;"ANGELLA Gabriele";"UDINESE";1;1;1;6.5;0;1;6.5;0;0;0;0;0;0;0;0;0;0;0;0;1;1;1;0;5
208;8;"ANSALDI Cristian";"TORINO";1;1;0;0.0;0;0;0.0;0;0;0;0;0;0;0;0;0;0;0;0;0;0;0;0;6
209;8;"ANTEI Luca";"BENEVENTO";1;1;1;3.0;0;1;4.0;0;0;0;0;0;0;1;0;0;0;0;0;1;1;1;0;3
210;8;"ANTONELLI Luca";"MILAN";1;1;0;0.0;0;0;0.0;0;0;0;0;0;0;0;0;0;0;0;0;0;0;0;0;4
211;8;"ASAMOAH Kwadwo";"JUVENTUS";1;1;1;6.5;0;1;6.5;0;0;0;0;0;0;0;0;0;0;0;0;1;1;1;0;6
212;8;"ASTORI Davide";"FIORENTINA";1;1;1;6.0;0;1;6.0;0;0;0;0;0;0;0;0;0;0;0;0;1;1;1;0;12
214;8;"BANI Mattia";"CHIEVO";1;1;0;0.0;0;0;0.0;0;0;0;0;0;0;0;0;0;0;0;0;0;0;0;0;3
215;8;"BARRECA Antonio";"TORINO";1;1;0;0.0;0;0;0.0;0;0;0;0;0;0;0;0;0;0;0;0;0;0;0;0;7
216;8;"BARZAGLI Andrea";"JUVENTUS";1;1;1;5.5;0;1;5.5;0;0;0;0;0;0;0;0;0;0;0;0;1;1;1;0;11
217;8;"BASTA Dusan";"LAZIO";1;1;0;0.0;0;0;0.0;0;0;0;0;0;0;0;0;0;0;0;0;0;0;0;0;7
218;8;"BASTONI Alessandro";"ATALANTA";1;1;0;0.0;0;0;0.0;0;0;0;0;0;0;0;0;0;0;0;0;0;0;0;0;2
219;8;"BASTOS";"LAZIO";1;1;1;6.5;0;1;6.5;0;0;0;0;0;0;0;0;0;0;0;0;1;1;1;0;10
220;8;"BENATIA Medhi";"JUVENTUS";1;1;0;0.0;0;0;0.0;0;0;0;0;0;0;0;0;0;0;0;0;0;0;0;0;12
221;8;"BERESZYNSKI Bartosz";"SAMPDORIA";1;1;1;5.5;0;1;5.5;0;0;0;0;0;0;0;0;0;0;0;0;1;1;1;0;7
222;8;"BIANCHETTI Matteo";"VERONA";1;1;0;0.0;0;0;0.0;0;0;0;0;0;0;0;0;0;0;0;0;0;0;0;0;4
223;8;"BIRASCHI Davide";"GENOA";1;1;0;0.0;0;0;0.0;0;0;0;0;0;0;0;0;0;0;0;0;0;0;0;0;4
224;8;"BOCCAFOGLIA Giacomo";"SPAL";1;1;0;0.0;0;0;0.0;0;0;0;0;0;0;0;0;0;0;0;0;0;0;0;0;1
225;8;"BOCHNIEWICZ Pawel";"UDINESE";1;1;0;0.0;0;0;0.0;0;0;0;0;0;0;0;0;0;0;0;0;0;0;0;0;1
226;8;"BONIFAZI Kevin";"TORINO";1;1;0;0.0;0;0;0.0;0;0;0;0;0;0;0;0;0;0;0;0;0;0;0;0;4
227;8;"BONUCCI Leonardo";"MILAN";1;1;1;5.0;0;1;5.0;0;0;0;0;0;0;0;0;0;0;0;0;1;1;1;0;14
228;8;"BRIGNANI Fabrizio";"BOLOGNA";1;1;0;0.0;0;0;0.0;0;0;0;0;0;0;0;0;0;0;0;0;0;0;0;0;1
230;8;"CABRERA Leandro";"CROTONE";1;1;0;0.0;0;0;0.0;0;0;0;0;0;0;0;0;0;0;0;0;0;0;0;0;4
231;8;"CACCIATORE Fabrizio";"CHIEVO";1;1;1;6.0;0;1;6.0;0;0;0;0;0;0;0;0;0;0;0;0;1;1;1;0;10
232;8;"CALABRIA Davide";"MILAN";1;1;0;0.0;0;0;0.0;0;0;0;0;0;0;0;0;0;0;0;0;0;0;0;0;4
233;8;"CALDARA Mattia";"ATALANTA";1;1;1;5.5;0;1;5.5;0;0;0;0;0;0;0;0;0;0;0;0;1;1;1;0;24
235;8;"CANNAVARO Paolo";"SASSUOLO";1;1;1;6.0;0;1;6.0;0;0;0;0;0;0;0;0;0;0;0;0;1;1;1;0;7
236;8;"CAPONE Marco";"TORINO";1;1;0;0.0;0;0;0.0;0;0;0;0;0;0;0;0;0;0;0;0;0;0;0;0;1
237;8;"CAPUANO Marco";"CAGLIARI";1;1;0;0.0;0;0;0.0;0;0;0;0;0;0;0;0;0;0;0;0;0;0;0;0;4
238;8;"CARACCIOLO Antonio";"VERONA";1;1;1;6.5;0;1;6.5;0;0;0;0;0;0;0;0;0;0;0;0;1;1;1;0;5
239;8;"CASTAGNE Timothy";"ATALANTA";1;1;0;0.0;0;0;0.0;0;0;0;0;0;0;0;0;0;0;0;0;0;0;0;0;5
240;8;"CASTAN Leandro";"ROMA";1;1;0;0.0;0;0;0.0;0;0;0;0;0;0;0;0;0;0;0;0;0;0;0;0;4
241;8;"CECCHERINI Federico";"CROTONE";1;1;1;6.5;0;1;6.5;0;0;0;0;0;0;0;0;0;0;0;0;1;1;1;0;4
242;8;"CEPPITELLI Luca";"CAGLIARI";1;1;0;0.0;0;0;0.0;0;0;0;0;0;0;0;0;0;0;0;0;0;0;0;0;4
243;8;"CESAR Bostjan";"CHIEVO";1;1;0;0.0;0;0;0.0;0;0;0;0;0;0;0;0;0;0;0;0;0;0;0;0;4
244;8;"CHERUBIN Nicolo'";"VERONA";1;1;0;0.0;0;0;0.0;0;0;0;0;0;0;0;0;0;0;0;0;0;0;0;0;2
245;8;"CHIELLINI Giorgio";"JUVENTUS";1;1;1;6.0;0;1;6.0;0;0;0;0;0;0;0;0;0;0;0;0;1;1;1;0;15
246;8;"CHIRICHES Vlad";"NAPOLI";1;1;0;0.0;0;0;0.0;0;0;0;0;0;0;0;0;0;0;0;0;0;0;0;0;4
247;8;"CONTI Andrea";"MILAN";1;1;0;0.0;0;0;0.0;0;0;0;0;0;0;0;0;0;0;0;0;0;0;0;0;17
248;8;"COSTA Andrea";"BENEVENTO";1;1;0;0.0;0;0;0.0;0;0;0;0;0;0;0;0;0;0;0;0;0;0;0;0;4
249;8;"COSTA Filippo";"SPAL";1;1;1;5.0;0;1;5.5;0;0;0;0;0;1;0;0;0;0;0;0;1;1;1;0;6
250;8;"CREMONESI Michele";"SPAL";1;1;0;0.0;0;0;0.0;0;0;0;0;0;0;0;0;0;0;0;0;0;0;0;0;4
251;8;"CUOMO Giuseppe";"CROTONE";1;1;0;0.0;0;0;0.0;0;0;0;0;0;0;0;0;0;0;0;0;0;0;0;0;1
252;8;"DAINELLI Dario";"CHIEVO";1;1;1;6.5;0;1;6.5;0;0;0;0;0;0;0;0;0;0;0;0;1;1;1;0;7
253;8;"D'AMBROSIO Danilo";"INTER";1;1;1;6.5;0;1;6.5;0;0;0;0;0;0;0;0;0;0;0;0;1;1;1;0;12
254;8;"DANILO Larangeira";"UDINESE";1;1;0;0.0;0;0;0.0;0;0;0;0;0;0;0;0;0;0;0;0;0;0;0;0;6
255;8;"DE MAIO Sebastian";"BOLOGNA";1;1;1;6.0;0;1;6.0;0;0;0;0;0;0;0;0;0;0;0;0;1;0;1;0;4
256;8;"DE SCIGLIO Mattia";"JUVENTUS";1;1;0;0.0;0;0;0.0;0;0;0;0;0;0;0;0;0;0;0;0;0;0;0;0;4
257;8;"DE SILVESTRI Lorenzo";"TORINO";1;1;1;10.5;0;1;6.0;1;0;0;1;0;0;0;0;0;0;0;0;1;1;1;0;9
258;8;"DE VRIJ Stefan";"LAZIO";1;1;1;6.5;0;1;6.5;0;0;0;0;0;0;0;0;0;0;0;0;1;1;1;0;20
260;8;"DELL'ORCO Cristian";"SASSUOLO";1;1;0;0.0;0;0;0.0;0;0;0;0;0;0;0;0;0;0;0;0;0;0;0;0;2
261;8;"DEPAOLI Fabio";"CHIEVO";1;1;0;0.0;0;0;0.0;0;0;0;0;0;0;0;0;0;0;0;0;0;0;0;0;5
262;8;"DI CHIARA Gianluca";"BENEVENTO";1;1;0;0.0;0;0;0.0;0;0;0;0;0;0;0;0;0;0;0;0;0;0;0;0;6
263;8;"DJIMSITI Berat";"BENEVENTO";1;1;1;6.0;0;1;6.0;0;0;0;0;0;0;0;0;0;0;0;0;1;1;1;0;4
264;8;"DODO'";"SAMPDORIA";1;1;0;0.0;0;0;0.0;0;0;0;0;0;0;0;0;0;0;0;0;0;0;0;0;4
268;8;"EMERSON Palmieri Dos Santos";"ROMA";1;1;0;0.0;0;0;0.0;0;0;0;0;0;0;0;0;0;0;0;0;0;0;0;0;7
271;8;"FARAONI Davide";"CROTONE";1;1;0;0.0;0;0;0.0;0;0;0;0;0;0;0;0;0;0;0;0;1;0;0;0;5
272;8;"FAZIO Federico";"ROMA";1;1;1;5.5;0;1;6.0;0;0;0;0;0;1;0;0;0;0;0;0;1;0;1;0;11
273;8;"FELICIOLI Gian Filippo";"VERONA";1;1;0;0.0;0;0;0.0;0;0;0;0;0;0;0;0;0;0;0;0;0;0;0;0;2
274;8;"FELIPE";"SPAL";1;1;1;6.0;0;1;6.0;0;0;0;0;0;0;0;0;0;0;0;0;1;1;1;0;6
275;8;"FERRARI Gianmarco";"SAMPDORIA";1;1;0;0.0;0;0;0.0;0;0;0;0;0;0;0;0;0;0;0;0;0;0;0;0;6
276;8;"FERRARI Alex";"VERONA";1;1;0;0.0;0;0;0.0;0;0;0;0;0;0;0;0;0;0;0;0;0;0;0;0;3
278;8;"FLORENZI Alessandro";"ROMA";1;1;1;5.0;0;1;5.0;0;0;0;0;0;0;0;0;0;0;0;0;1;1;1;0;19
279;8;"GABBIA Matteo";"MILAN";1;1;0;0.0;0;0;0.0;0;0;0;0;0;0;0;0;0;0;0;0;0;0;0;0;1
280;8;"GAMBERINI Alessandro";"CHIEVO";1;1;1;6.5;0;1;6.5;0;0;0;0;0;0;0;0;0;0;0;0;1;1;1;0;8
281;8;"GASPAR Bruno";"FIORENTINA";1;1;0;0.0;0;0;0.0;0;0;0;0;0;0;0;0;0;0;0;0;0;0;0;0;7
284;8;"GAZZOLA Marcello";"SASSUOLO";1;1;1;5.0;0;1;5.5;0;0;0;0;0;1;0;0;0;0;0;0;1;1;1;0;4
285;8;"GENTILETTI Santiago";"GENOA";1;1;0;0.0;0;0;0.0;0;0;0;0;0;0;0;0;0;0;0;0;0;0;0;0;4
286;8;"GHOULAM Faouzi";"NAPOLI";1;1;1;6.5;0;1;7.0;0;0;0;0;0;1;0;0;0;0;0;0;1;1;1;0;20
287;8;"GOBBI Massimo";"CHIEVO";1;1;0;0.0;0;0;0.0;0;0;0;0;0;0;0;0;0;0;0;0;0;0;0;0;5
288;8;"GOMEZ Gustavo";"MILAN";1;1;0;0.0;0;0;0.0;0;0;0;0;0;0;0;0;0;0;0;0;0;0;0;0;3
289;8;"GONZALEZ Giancarlo";"BOLOGNA";1;1;1;6.5;0;1;6.5;0;0;0;0;0;0;0;0;0;0;0;0;1;1;1;0;7
290;8;"GOSENS Robin";"ATALANTA";1;1;0;0.0;0;0;0.0;0;0;0;0;0;0;0;0;0;0;0;0;0;0;0;0;4
291;8;"GRAVILLON Andrew";"BENEVENTO";1;1;0;0.0;0;0;0.0;0;0;0;0;0;0;0;0;0;0;0;0;0;0;0;0;2
292;8;"GYAMFI Bright";"BENEVENTO";1;1;1;5.5;0;1;5.5;0;0;0;0;0;0;0;0;0;0;0;0;1;0;1;0;2
293;8;"HATEBOER Hans";"ATALANTA";1;1;1;5.0;0;1;5.5;0;0;0;0;0;1;0;0;0;0;0;0;1;1;1;0;5
294;8;"HELANDER Filip";"BOLOGNA";1;1;1;6.0;0;1;6.0;0;0;0;0;0;0;0;0;0;0;0;0;1;1;1;0;5
295;8;"HEURTAUX Thomas";"VERONA";1;1;0;0.0;0;0;0.0;0;0;0;0;0;0;0;0;0;0;0;0;0;0;0;0;5
297;8;"HRISTOV Petko";"FIORENTINA";1;1;0;0.0;0;0;0.0;0;0;0;0;0;0;0;0;0;0;0;0;0;0;0;0;1
298;8;"HYSAJ Elseid";"NAPOLI";1;1;1;6.0;0;1;6.0;0;0;0;0;0;0;0;0;0;0;0;0;1;1;1;0;9
299;8;"ILLANES Julian";"FIORENTINA";1;1;0;0.0;0;0;0.0;0;0;0;0;0;0;0;0;0;0;0;0;0;0;0;0;1
300;8;"IZZO Armando";"GENOA";1;1;1;6.5;0;1;6.5;0;0;0;0;0;0;0;0;0;0;0;0;1;1;1;0;5
301;8;"JAROSZYNSKI Pawel";"CHIEVO";1;1;0;0.0;0;0;0.0;0;0;0;0;0;0;0;0;0;0;0;0;0;0;0;0;4
302;8;"JUAN Jesus";"ROMA";1;1;1;6.0;0;1;6.0;0;0;0;0;0;0;0;0;0;0;0;0;1;1;1;0;5
303;8;"KARSDORP Rick";"ROMA";1;1;0;0.0;0;0;0.0;0;0;0;0;0;0;0;0;0;0;0;0;0;0;0;0;6
304;8;"KOULIBALY Kalidou";"NAPOLI";1;1;1;7.0;0;1;7.0;0;0;0;0;0;0;0;0;0;0;0;0;1;1;1;0;21
305;8;"KRAFTH Emil";"BOLOGNA";1;1;0;0.0;0;0;0.0;0;0;0;0;0;0;0;0;0;0;0;0;0;0;0;0;3
307;8;"LETIZIA Gaetano";"BENEVENTO";1;1;1;6.0;0;1;6.0;0;0;0;0;0;0;0;0;0;0;0;0;1;1;1;0;5
308;8;"LETSCHERT Timo";"SASSUOLO";1;1;0;0.0;0;0;0.0;0;0;0;0;0;0;0;0;0;0;0;0;0;0;0;0;4
310;8;"LICHTSTEINER Stephan";"JUVENTUS";1;1;1;5.5;0;1;5.5;0;0;0;0;0;0;0;0;0;0;0;0;1;1;1;0;11
311;8;"LIROLA Pol";"SASSUOLO";1;1;1;5.5;0;0;0.0;0;0;0;0;0;0;0;0;0;0;0;0;1;0;1;0;7
313;8;"LUCIONI Fabio";"BENEVENTO";1;1;0;0.0;0;0;0.0;0;0;0;0;0;0;0;0;0;0;0;0;0;0;0;0;4
314;8;"LUIZ FELIPE Ramos Marchi";"LAZIO";1;1;0;0.0;0;0;0.0;0;0;0;0;0;0;0;0;0;0;0;0;0;0;0;0;3
315;8;"LUKAKU Jordan";"LAZIO";1;1;0;0.0;0;0;0.0;0;0;0;0;0;0;0;0;0;0;0;0;0;0;0;0;7
316;8;"LYANCO";"TORINO";1;1;0;0.0;0;0;0.0;0;0;0;0;0;0;0;0;0;0;0;0;0;0;0;0;6
317;8;"MAGGIO Christian";"NAPOLI";1;1;0;0.0;0;0;0.0;0;0;0;0;0;0;0;0;0;0;0;0;0;0;0;0;4
318;8;"MAIETTA Domenico";"BOLOGNA";1;1;0;0.0;0;0;0.0;0;0;0;0;0;0;0;0;0;0;0;0;0;0;0;0;4
319;8;"MAKSIMOVIC Nikola";"NAPOLI";1;1;0;0.0;0;0;0.0;0;0;0;0;0;0;0;0;0;0;0;0;0;0;0;0;4
320;8;"MANCINI Gianluca";"ATALANTA";1;1;0;0.0;0;0;0.0;0;0;0;0;0;0;0;0;0;0;0;0;0;0;0;0;3
321;8;"MANOLAS Konstantinos";"ROMA";1;1;1;6.0;0;1;6.0;0;0;0;0;0;0;0;0;0;0;0;0;1;1;1;0;14
323;8;"MARTELLA Bruno";"CROTONE";1;1;1;11.5;0;1;7.0;1;0;0;0;0;0;0;0;0;0;0;0;1;1;1;0;11
324;8;"MARUSIC Adam";"LAZIO";1;1;1;5.5;0;1;5.5;0;0;0;0;0;0;0;0;0;0;0;0;1;1;1;0;9
325;8;"MASIELLO Andrea";"ATALANTA";1;1;1;5.5;0;1;5.5;0;0;0;0;0;0;0;0;0;0;0;0;1;1;1;0;12
326;8;"MASINA Adam";"BOLOGNA";1;1;1;5.0;0;1;5.5;0;0;0;0;0;1;0;0;0;0;0;0;1;1;1;0;6
327;8;"MATTIELLO Federico";"SPAL";1;1;1;6.0;0;1;6.0;0;0;0;0;0;0;0;0;0;0;0;0;1;0;1;0;5
328;8;"MBAYE Ibrahima";"BOLOGNA";1;1;1;6.0;0;1;6.0;0;0;0;0;0;0;0;0;0;0;0;0;1;1;1;0;4
330;8;"MIANGUE Senna";"CAGLIARI";1;1;0;0.0;0;0;0.0;0;0;0;0;0;0;0;0;0;0;0;0;0;0;0;0;4
331;8;"MILENKOVIC Nikola";"FIORENTINA";1;1;0;0.0;0;0;0.0;0;0;0;0;0;0;0;0;0;0;0;0;0;0;0;0;4
333;8;"MIRANDA Joao";"INTER";1;1;1;5.5;0;1;6.0;0;0;0;0;0;1;0;0;0;0;0;0;1;1;1;0;12
334;8;"MOLINARO Cristian";"TORINO";1;1;1;5.0;0;1;5.0;0;0;0;0;0;0;0;0;0;0;0;0;1;1;1;0;5
335;8;"MORENO Hector";"ROMA";1;1;0;0.0;0;0;0.0;0;0;0;0;0;0;0;0;0;0;0;0;0;0;0;0;11
336;8;"MORETTI Emiliano";"TORINO";1;1;1;5.5;0;1;5.5;0;0;0;0;0;0;0;0;0;0;0;0;1;1;1;0;7
339;8;"MURRU Nicola";"SAMPDORIA";1;1;0;0.0;0;0;0.0;0;0;0;0;0;0;0;0;0;0;0;0;0;0;0;0;6
340;8;"MUSACCHIO Mateo";"MILAN";1;1;1;5.5;0;1;5.5;0;0;0;0;0;0;0;0;0;0;0;0;1;1;1;0;10
342;8;"NAGATOMO Yuto";"INTER";1;1;1;5.5;0;1;5.5;0;0;0;0;0;0;0;0;0;0;0;0;1;1;1;0;3
344;8;"NURA Abdullahi";"ROMA";1;1;0;0.0;0;0;0.0;0;0;0;0;0;0;0;0;0;0;0;0;0;0;0;0;1
345;8;"OIKONOMOU Marios";"SPAL";1;1;0;0.0;0;0;0.0;0;0;0;0;0;0;0;0;0;0;0;0;0;0;0;0;4
346;8;"OLIVERA Maxi";"FIORENTINA";1;1;0;0.0;0;0;0.0;0;0;0;0;0;0;0;0;0;0;0;0;0;0;0;0;4
348;8;"PALETTA Gabriel Alejandro";"MILAN";1;1;0;0.0;0;0;0.0;0;0;0;0;0;0;0;0;0;0;0;0;0;0;0;0;4
349;8;"PALOMINO Jose' Luis";"ATALANTA";1;1;1;6.5;0;1;6.5;0;0;0;0;0;0;0;0;0;0;0;0;1;1;1;0;7
350;8;"PATRIC";"LAZIO";1;1;1;4.5;0;1;5.0;0;0;0;0;0;1;0;0;0;0;0;0;1;0;0;0;4
351;8;"PAVLOVIC Daniel";"CROTONE";1;1;0;0.0;0;0;0.0;0;0;0;0;0;0;0;0;0;0;0;0;0;0;0;0;4
352;8;"PELUSO Federico";"SASSUOLO";1;1;1;5.0;0;1;5.0;0;0;0;0;0;0;0;0;0;0;0;0;1;1;1;0;5
353;8;"PERES Bruno";"ROMA";1;1;1;5.0;0;1;5.0;0;0;0;0;0;0;0;0;0;0;0;0;1;1;1;0;8
354;8;"PEZZELLA Giuseppe";"UDINESE";1;1;0;0.0;0;0;0.0;0;0;0;0;0;0;0;0;0;0;0;0;0;0;0;0;4
355;8;"PISACANE Fabio";"CAGLIARI";1;1;1;6.0;0;1;6.0;0;0;0;0;0;0;0;0;0;0;0;0;1;1;1;0;8
357;8;"RADU Stefan";"LAZIO";1;1;1;6.5;0;1;6.5;0;0;0;0;0;0;0;0;0;0;0;0;1;1;1;0;9
358;8;"RANOCCHIA Andrea";"INTER";1;1;0;0.0;0;0;0.0;0;0;0;0;0;0;0;0;0;0;0;0;0;0;0;0;4
359;8;"REGINI Vasco";"SAMPDORIA";1;1;1;5.0;0;1;5.5;0;0;0;0;0;1;0;0;0;0;0;0;1;1;1;0;7
361;8;"RODRIGUEZ Ricardo";"MILAN";1;1;1;4.0;0;1;4.5;0;0;0;0;0;1;0;0;0;0;0;0;1;1;1;0;17
362;8;"ROMAGNA Filippo";"CAGLIARI";1;1;1;5.0;0;1;5.0;0;0;0;0;0;0;0;0;0;0;0;0;1;1;1;0;3
363;8;"ROMAGNOLI Alessio";"MILAN";1;1;1;5.5;0;1;6.0;0;0;0;0;0;1;0;0;0;0;0;0;1;1;1;0;10
364;8;"ROMULO";"VERONA";1;1;1;11.0;0;1;7.0;1;0;1;0;0;1;0;0;0;0;0;0;1;1;1;0;12
365;8;"ROSI Aleandro";"GENOA";1;1;1;6.0;0;1;6.0;0;0;0;0;0;0;0;0;0;0;0;0;1;1;1;0;5
366;8;"ROSSETTINI Luca";"GENOA";1;1;1;6.5;0;1;6.5;0;0;0;0;0;0;0;0;0;0;0;0;1;1;1;0;5
367;8;"RUGANI Daniele";"JUVENTUS";1;1;0;0.0;0;0;0.0;0;0;0;0;0;0;0;0;0;0;0;0;0;0;0;0;9
368;8;"MARIO RUI Silva Duarte";"NAPOLI";1;1;0;0.0;0;0;0.0;0;0;0;0;0;0;0;0;0;0;0;0;0;0;0;0;4
369;8;"SALA Jacopo";"SAMPDORIA";1;1;0;0.0;0;0;0.0;0;0;0;0;0;0;0;0;0;0;0;0;0;0;0;0;4
370;8;"SALAMON Bartosz";"SPAL";1;1;1;3.0;0;1;5.0;0;0;0;0;0;0;0;0;0;0;0;1;1;1;1;0;3
371;8;"SAMIR";"UDINESE";1;1;1;10.0;0;1;6.0;1;0;0;0;0;1;0;0;0;0;0;0;1;1;1;0;8
372;8;"SAMPIRISI Mario";"CROTONE";1;1;1;6.0;0;1;6.0;0;0;0;0;0;0;0;0;0;0;0;0;1;1;1;0;6
373;8;"SANTON Davide";"INTER";1;1;0;0.0;0;0;0.0;0;0;0;0;0;0;0;0;0;0;0;0;1;0;0;0;3
375;8;"SILVESTRE Matias";"SAMPDORIA";1;1;1;5.5;0;1;6.0;0;0;0;0;0;1;0;0;0;0;0;0;1;1;1;0;10
377;8;"SKRINIAR Milan";"INTER";1;1;1;7.0;0;1;7.0;0;0;0;0;0;0;0;0;0;0;0;0;1;1;1;0;13
378;8;"SOUPRAYEN Samuel";"VERONA";1;1;1;6.5;0;1;6.5;0;0;0;0;0;0;0;0;0;0;0;0;1;1;1;0;2
379;8;"SPOLLI Nicolas";"GENOA";1;1;0;0.0;0;0;0.0;0;0;0;0;0;0;0;0;0;0;0;0;0;0;0;0;4
380;8;"STRINIC Ivan";"SAMPDORIA";1;1;1;7.5;0;1;6.5;0;0;0;0;1;0;0;0;0;0;0;0;1;1;1;0;6
381;8;"TOLOI Rafael";"ATALANTA";1;1;0;0.0;0;0;0.0;0;0;0;0;0;0;0;0;0;0;0;0;0;0;0;0;9
382;8;"TOMIC Michal";"SAMPDORIA";1;1;0;0.0;0;0;0.0;0;0;0;0;0;0;0;0;0;0;0;0;0;0;0;0;1
383;8;"TOMOVIC Nenad";"CHIEVO";1;1;1;6.0;0;1;6.0;0;0;0;0;0;0;0;0;0;0;0;0;1;1;1;0;4
384;8;"TONELLI Lorenzo";"NAPOLI";1;1;0;0.0;0;0;0.0;0;0;0;0;0;0;0;0;0;0;0;0;0;0;0;0;4
385;8;"TOROSIDIS Vasilios";"BOLOGNA";1;1;1;6.0;0;1;6.0;0;0;0;0;0;0;0;0;0;0;0;0;1;0;1;0;5
387;8;"VANHEUSDEN Zinho";"INTER";1;1;0;0.0;0;0;0.0;0;0;0;0;0;0;0;0;0;0;0;0;0;0;0;0;1
388;8;"VENUTI Lorenzo";"BENEVENTO";1;1;1;5.5;0;1;6.0;0;0;0;0;0;1;0;0;0;0;0;0;1;1;1;0;2
389;8;"VICARI Francesco";"SPAL";1;1;1;5.0;0;1;5.0;0;0;0;0;0;0;0;0;0;0;0;0;1;1;1;0;5
390;8;"VITOR HUGO";"FIORENTINA";1;1;1;6.0;0;1;6.0;0;0;0;0;0;0;0;0;0;0;0;0;1;0;1;0;7
392;8;"WALLACE ";"LAZIO";1;1;0;0.0;0;0;0.0;0;0;0;0;0;0;0;0;0;0;0;0;0;0;0;0;5
393;8;"WIDMER Silvan";"UDINESE";1;1;1;5.0;0;1;5.0;0;0;0;0;0;0;0;0;0;0;0;0;1;1;1;0;6
394;8;"ZAPATA Cristian";"MILAN";1;1;0;0.0;0;0;0.0;0;0;0;0;0;0;0;0;0;0;0;0;0;0;0;0;4
396;8;"ZUKANOVIC Ervin";"GENOA";1;1;1;6.0;0;1;6.0;0;0;0;0;0;0;0;0;0;0;0;0;1;1;1;0;7
397;8;"VAISANEN Sauli";"SPAL";1;1;0;0.0;0;0;0.0;0;0;0;0;0;0;0;0;0;0;0;0;0;0;0;0;4
398;8;"KOLAROV Aleksandar";"ROMA";1;1;1;6.0;0;1;6.0;0;0;0;0;0;0;0;0;0;0;0;0;1;1;1;0;16
399;8;"KONATE Pa";"SPAL";1;1;0;0.0;0;0;0.0;0;0;0;0;0;0;0;0;0;0;0;0;0;0;0;0;4
400;8;"GOLDANIGA Edoardo";"SASSUOLO";1;1;0;0.0;0;0;0.0;0;0;0;0;0;0;0;0;0;0;0;0;0;0;0;0;4
401;8;"NUYTINCK Bram";"UDINESE";1;1;1;6.0;0;1;6.0;0;0;0;0;0;0;0;0;0;0;0;0;1;1;1;0;9
402;8;"AJETI Arlind";"CROTONE";1;1;1;5.5;0;1;6.0;0;0;0;0;0;1;0;0;0;0;0;0;1;1;1;0;6
403;8;"CACERES Martin";"VERONA";1;1;1;6.0;0;1;6.0;0;0;0;0;0;0;0;0;0;0;0;0;1;1;1;0;8
404;8;"N'KOULOU Nicolas";"TORINO";1;1;1;5.5;0;1;5.5;0;0;0;0;0;0;0;0;0;0;0;0;1;1;1;0;10
405;8;"DALBERT Henrique";"INTER";1;1;0;0.0;0;0;0.0;0;0;0;0;0;0;0;0;0;0;0;0;0;0;0;0;10
407;8;"RANIERI Luca";"FIORENTINA";1;1;0;0.0;0;0;0.0;0;0;0;0;0;0;0;0;0;0;0;0;0;0;0;0;1
408;8;"BIRAGHI Cristiano";"FIORENTINA";1;1;1;5.5;0;1;5.5;0;0;0;0;0;0;0;0;0;0;0;0;1;1;1;0;7
409;8;"MIGLIORE Luca";"GENOA";1;1;0;0.0;0;0;0.0;0;0;0;0;0;0;0;0;0;0;0;0;0;0;0;0;4
410;8;"BUBNJIC Igor";"UDINESE";1;1;0;0.0;0;0;0.0;0;0;0;0;0;0;0;0;0;0;0;0;0;0;0;0;2
412;8;"PEZZELLA German";"FIORENTINA";1;1;1;6.0;0;1;6.0;0;0;0;0;0;0;0;0;0;0;0;0;1;1;1;0;12
413;8;"CANCELO Joao";"INTER";1;1;1;6.0;0;1;6.0;0;0;0;0;0;0;0;0;0;0;0;0;1;0;1;0;11
414;8;"VAN DER WIEL Gregory";"CAGLIARI";1;1;1;4.0;0;1;4.0;0;0;0;0;0;0;0;0;0;0;0;0;1;1;1;0;5
415;8;"ROGERIO Oliveira da silva";"SASSUOLO";1;1;0;0.0;0;0;0.0;0;0;0;0;0;0;0;0;0;0;0;0;0;0;0;0;1
416;8;"LARSEN Jens";"UDINESE";1;1;0;0.0;0;0;0.0;0;0;0;0;0;0;0;0;0;0;0;0;0;0;0;0;8
417;8;"ANDERSEN Joachim";"SAMPDORIA";1;1;0;0.0;0;0;0.0;0;0;0;0;0;0;0;0;0;0;0;0;0;0;0;0;4
418;8;"LAURINI Vincent";"FIORENTINA";1;1;1;6.0;0;1;6.0;0;0;0;0;0;0;0;0;0;0;0;0;1;1;1;0;5
419;8;"DELLA GIOVANNA Fabio";"SPAL";1;1;0;0.0;0;0;0.0;0;0;0;0;0;0;0;0;0;0;0;0;0;0;0;0;1
420;8;"HOWEDES Benedikt";"JUVENTUS";1;1;0;0.0;0;0;0.0;0;0;0;0;0;0;0;0;0;0;0;0;0;0;0;0;7
421;8;"BURDISSO Nicolas";"TORINO";1;1;0;0.0;0;0;0.0;0;0;0;0;0;0;0;0;0;0;0;0;0;0;0;0;4
422;8;"KEITA Cheick";"BOLOGNA";1;1;0;0.0;0;0;0.0;0;0;0;0;0;0;0;0;0;0;0;0;0;0;0;0;4
423;8;"LAZAAR Achraf";"BENEVENTO";1;1;0;0.0;0;0;0.0;0;0;0;0;0;0;0;0;0;0;0;0;0;0;0;0;6
424;8;"SIMIC Stefan";"CROTONE";1;1;0;0.0;0;0;0.0;0;0;0;0;0;0;0;0;0;0;0;0;0;0;0;0;1
425;8;"MAURICIO Dos santos nascimento";"LAZIO";1;1;0;0.0;0;0;0.0;0;0;0;0;0;0;0;0;0;0;0;0;0;0;0;0;3
500;8;"ABUKAR Mohamed";"LAZIO";1;2;0;0.0;0;0;0.0;0;0;0;0;0;0;0;0;0;0;0;0;0;0;0;0;1
501;8;"ACQUAH Afriyie";"TORINO";1;2;0;0.0;0;0;0.0;0;0;0;0;0;0;0;0;0;0;0;0;0;0;0;0;6
503;8;"ALLAN Marques Loureiro";"NAPOLI";1;2;1;7.0;0;1;7.0;0;0;0;0;0;0;0;0;0;0;0;0;1;1;1;0;17
504;8;"ANTONINI LUI Matias";"CAGLIARI";1;2;0;0.0;0;0;0.0;0;0;0;0;0;0;0;0;0;0;0;0;0;0;0;0;1
506;8;"ARTIOLI Filippo";"SPAL";1;2;0;0.0;0;0;0.0;0;0;0;0;0;0;0;0;0;0;0;0;0;0;0;0;1
507;8;"BADELJ Milan";"FIORENTINA";1;2;1;6.0;0;1;6.0;0;0;0;0;0;0;0;0;0;0;0;0;1;1;1;0;10
509;8;"BALIC Andrija";"UDINESE";1;2;0;0.0;0;0;0.0;0;0;0;0;0;0;0;0;0;0;0;0;0;0;0;0;4
511;8;"BARAK Antonin";"UDINESE";1;2;1;5.5;0;1;5.5;0;0;0;0;0;0;0;0;0;0;0;0;1;1;1;0;7
512;8;"BARBERIS Andrea";"CROTONE";1;2;1;6.5;0;1;6.5;0;0;0;0;0;0;0;0;0;0;0;0;1;1;1;0;7
513;8;"BARELLA Nicolo'";"CAGLIARI";1;2;1;6.0;0;1;6.5;0;0;0;0;0;1;0;0;0;0;0;0;1;1;1;0;11
514;8;"BARRETO Edgar Osvaldo";"SAMPDORIA";1;2;0;0.0;0;0;0.0;0;0;0;0;0;0;0;0;0;0;0;0;0;0;0;0;6
515;8;"BASELLI Daniele";"TORINO";1;2;1;5.0;0;1;5.0;0;0;0;0;0;0;0;0;0;0;0;0;1;1;1;0;13
516;8;"BASTIEN Samuel";"CHIEVO";1;2;0;0.0;0;0;0.0;0;0;0;0;0;0;0;0;0;0;0;0;0;0;0;0;6
518;8;"BENASSI Marco";"FIORENTINA";1;2;1;6.5;0;1;6.5;0;0;0;0;0;0;0;0;0;0;0;0;1;1;1;0;12
519;8;"BENTANCUR Rodrigo";"JUVENTUS";1;2;1;5.0;0;1;5.0;0;0;0;0;0;0;0;0;0;0;0;0;1;1;1;0;6
520;8;"BERTOLACCI Andrea";"GENOA";1;2;1;6.5;0;1;6.5;0;0;0;0;0;0;0;0;0;0;0;0;1;1;1;0;8
521;8;"BIGLIA Lucas Rodrigo";"MILAN";1;2;1;5.0;0;1;5.0;0;0;0;0;0;0;0;0;0;0;0;0;1;1;1;0;13
522;8;"BIONDINI Davide";"SASSUOLO";1;2;0;0.0;0;0;0.0;0;0;0;0;0;0;0;0;0;0;0;0;0;0;0;0;4
523;8;"BROZOVIC Marcelo";"INTER";1;2;0;0.0;0;0;0.0;0;0;0;0;0;0;0;0;0;0;0;0;0;0;0;0;14
524;8;"CAPEZZI Leonardo";"SAMPDORIA";1;2;0;0.0;0;0;0.0;0;0;0;0;0;0;0;0;0;0;0;0;0;0;0;0;4
525;8;"CASSATA Francesco";"SASSUOLO";1;2;0;0.0;0;0;0.0;0;0;0;0;0;0;0;0;0;0;0;0;0;0;0;0;3
526;8;"CASTRO Lucas";"CHIEVO";1;2;1;6.5;0;1;6.5;0;0;0;0;0;0;0;0;0;0;0;0;1;1;1;0;20
527;8;"CATALDI Danilo";"BENEVENTO";1;2;1;6.0;0;1;6.0;0;0;0;0;0;0;0;0;0;0;0;0;1;1;1;0;7
528;8;"CHIBSAH Raman";"BENEVENTO";1;2;1;5.5;0;1;6.0;0;0;0;0;0;1;0;0;0;0;0;0;1;1;1;0;6
529;8;"CIGARINI Luca";"CAGLIARI";1;2;1;5.5;0;1;5.5;0;0;0;0;0;0;0;0;0;0;0;0;1;1;1;0;7
530;8;"COFIE Isaac";"GENOA";1;2;0;0.0;0;0;0.0;0;0;0;0;0;0;0;0;0;0;0;0;0;0;0;0;4
532;8;"CRECCO Luca";"LAZIO";1;2;0;0.0;0;0;0.0;0;0;0;0;0;0;0;0;0;0;0;0;0;0;0;0;3
533;8;"CRISETIG Lorenzo";"BOLOGNA";1;2;0;0.0;0;0;0.0;0;0;0;0;0;0;0;0;0;0;0;0;0;0;0;0;4
534;8;"CRISTANTE Bryan";"ATALANTA";1;2;1;10.5;0;1;7.0;1;0;0;0;0;1;0;0;0;0;0;0;1;1;1;0;15
535;8;"CRISTOFORO Sebastian";"FIORENTINA";1;2;0;0.0;0;0;0.0;0;0;0;0;0;0;0;0;0;0;0;0;0;0;0;0;3
536;8;"CROCIATA Giovanni";"CROTONE";1;2;0;0.0;0;0;0.0;0;0;0;0;0;0;0;0;0;0;0;0;0;0;0;0;3
538;8;"DE ROSSI Daniele";"ROMA";1;2;1;4.5;0;1;5.0;0;0;0;0;0;1;0;0;0;0;0;0;1;1;1;0;12
539;8;"DEIOLA Alessandro";"CAGLIARI";1;2;0;0.0;0;0;0.0;0;0;0;0;0;0;0;0;0;0;0;0;0;0;0;0;3
540;8;"DEL PINTO Lorenzo";"BENEVENTO";1;2;0;0.0;0;0;0.0;0;0;0;0;0;0;0;0;0;0;0;0;0;0;0;0;2
541;8;"DESSENA Daniele";"CAGLIARI";1;2;0;0.0;0;0;0.0;0;0;0;0;0;0;0;0;0;0;0;0;0;0;0;0;4
542;8;"DI GENNARO Davide";"LAZIO";1;2;0;0.0;0;0;0.0;0;0;0;0;0;0;0;0;0;0;0;0;0;0;0;0;6
543;8;"DIAKHATE Abdou";"FIORENTINA";1;2;0;0.0;0;0;0.0;0;0;0;0;0;0;0;0;0;0;0;0;0;0;0;0;1
544;8;"DIAWARA Amadou";"NAPOLI";1;2;1;6.0;0;1;6.0;0;0;0;0;0;0;0;0;0;0;0;0;1;0;1;0;8
545;8;"DONSAH Godfred";"BOLOGNA";1;2;1;6.5;0;1;6.5;0;0;0;0;0;0;0;0;0;0;0;0;1;1;1;0;9
546;8;"DUNCAN Joseph Alfred";"SASSUOLO";1;2;1;5.0;0;1;5.5;0;0;0;0;0;1;0;0;0;0;0;0;1;1;1;0;9
549;8;"FARAGO' Paolo";"CAGLIARI";1;2;1;7.5;0;1;6.5;0;0;0;0;1;0;0;0;0;0;0;0;1;0;1;0;6
551;8;"FOFANA Seko";"UDINESE";1;2;1;5.5;0;1;5.5;0;0;0;0;0;0;0;0;0;0;0;0;1;1;1;0;14
552;8;"FOSSATI Marco Ezio";"VERONA";1;2;1;6.0;0;1;6.5;0;0;0;0;0;1;0;0;0;0;0;0;1;1;1;0;6
553;8;"FRATTESI Davide";"SASSUOLO";1;2;0;0.0;0;0;0.0;0;0;0;0;0;0;0;0;0;0;0;0;0;0;0;0;1
554;8;"FREULER Remo";"ATALANTA";1;2;1;6.0;0;1;6.5;0;0;0;0;0;1;0;0;0;0;0;0;1;1;1;0;15
555;8;"GAGLIARDINI Roberto";"INTER";1;2;1;5.0;0;1;5.5;0;0;0;0;0;1;0;0;0;0;0;0;1;1;1;0;10
556;8;"GAUDINO Gianluca";"CHIEVO";1;2;0;0.0;0;0;0.0;0;0;0;0;0;0;0;0;0;0;0;0;0;0;0;0;4
557;8;"GNOUKOURI Assane Demoya";"INTER";1;2;0;0.0;0;0;0.0;0;0;0;0;0;0;0;0;0;0;0;0;0;0;0;0;2
558;8;"GONALONS Maxime";"ROMA";1;2;0;0.0;0;0;0.0;0;0;0;0;0;0;0;0;0;0;0;0;0;0;0;0;7
559;8;"GUSTAFSON Samuel";"TORINO";1;2;0;0.0;0;0;0.0;0;0;0;0;0;0;0;0;0;0;0;0;0;0;0;0;3
560;8;"HAAS Nicolas";"ATALANTA";1;2;0;0.0;0;0;0.0;0;0;0;0;0;0;0;0;0;0;0;0;0;0;0;0;4
561;8;"HALLFREDSSON Emil";"UDINESE";1;2;0;0.0;0;0;0.0;0;0;0;0;0;0;0;0;0;0;0;0;0;0;0;0;4
562;8;"HAMSIK Marek";"NAPOLI";1;2;1;6.5;0;1;6.5;0;0;0;0;0;0;0;0;0;0;0;0;1;1;1;0;25
563;8;"HETEMAJ Perparim";"CHIEVO";1;2;0;0.0;0;0;0.0;0;0;0;0;0;0;0;0;0;0;0;0;0;0;0;0;10
565;8;"INGELSSON Svante";"UDINESE";1;2;0;0.0;0;0;0.0;0;0;0;0;0;0;0;0;0;0;0;0;0;0;0;0;3
566;8;"IONITA Artur";"CAGLIARI";1;2;1;6.0;0;1;6.0;0;0;0;0;0;0;0;0;0;0;0;0;1;1;1;0;10
568;8;"JANKTO Jakub";"UDINESE";1;2;1;6.0;0;1;6.0;0;0;0;0;0;0;0;0;0;0;0;0;1;1;1;0;15
569;8;"JOAO MARIO";"INTER";1;2;0;0.0;0;0;0.0;0;0;0;0;0;0;0;0;0;0;0;0;0;0;0;1;14
570;8;"JORGINHO Jorge Luiz Frello";"NAPOLI";1;2;1;6.0;0;1;6.5;0;0;0;0;0;1;0;0;0;0;0;0;1;1;1;0;13
571;8;"KESSIE' Franck";"MILAN";1;2;1;5.0;0;1;5.0;0;0;0;0;0;0;0;0;0;0;0;0;1;1;1;0;19
572;8;"KHEDIRA Sami";"JUVENTUS";1;2;1;5.5;0;1;5.5;0;0;0;0;0;0;0;0;0;0;0;0;1;1;1;0;13
575;8;"KRAGL Oliver";"CROTONE";1;2;0;0.0;0;0;0.0;0;0;0;0;0;0;0;0;0;0;0;0;0;0;0;0;6
576;8;"LANER Simon";"VERONA";1;2;0;0.0;0;0;0.0;0;0;0;0;0;0;0;0;0;0;0;0;0;0;0;0;1
577;8;"LAXALT Diego Sebastian Suzrez";"GENOA";1;2;1;6.5;0;1;6.5;0;0;0;0;0;0;0;0;0;0;0;0;1;1;1;0;12
578;8;"LAZOVIC Darko";"GENOA";1;2;0;0.0;0;0;0.0;0;0;0;0;0;0;0;0;0;0;0;0;0;0;0;0;8
579;8;"LAZZARI Manuel";"SPAL";1;2;1;5.5;0;1;5.5;0;0;0;0;0;0;0;0;0;0;0;0;1;1;1;0;11
580;8;"LEIVA Lucas";"LAZIO";1;2;1;6.5;0;1;6.5;0;0;0;0;0;0;0;0;0;0;0;0;1;1;1;0;8
582;8;"LINETTY Karol";"SAMPDORIA";1;2;1;11.0;0;1;7.0;1;0;0;0;0;0;0;0;0;0;0;0;1;0;1;0;13
583;8;"LOCATELLI Manuel";"MILAN";1;2;0;0.0;0;0;0.0;0;0;0;0;0;0;0;0;0;0;0;0;1;0;0;0;4
585;8;"LULIC Senad";"LAZIO";1;2;1;7.0;0;1;7.0;0;0;0;0;0;0;0;0;0;0;0;0;1;1;1;0;15
586;8;"MAGNANELLI Francesco";"SASSUOLO";1;2;1;6.0;0;1;6.0;0;0;0;0;0;0;0;0;0;0;0;0;1;1;1;0;6
587;8;"MANDRAGORA Rolando";"CROTONE";1;2;1;6.0;0;1;6.0;0;0;0;0;0;0;0;0;0;0;0;0;1;1;1;0;8
588;8;"MARCHISIO Claudio";"JUVENTUS";1;2;0;0.0;0;0;0.0;0;0;0;0;0;0;0;0;0;0;0;0;0;0;0;0;7
591;8;"MAURI Jose'";"MILAN";1;2;0;0.0;0;0;0.0;0;0;0;0;0;0;0;0;0;0;0;0;0;0;0;0;3
592;8;"MAZZITELLI Luca";"SASSUOLO";1;2;0;0.0;0;0;0.0;0;0;0;0;0;0;0;0;0;0;0;0;0;0;0;0;5
594;8;"MELARA Fabrizio";"BENEVENTO";1;2;0;0.0;0;0;0.0;0;0;0;0;0;0;0;0;0;0;0;0;0;0;0;0;3
595;8;"MELEGONI Filippo";"ATALANTA";1;2;0;0.0;0;0;0.0;0;0;0;0;0;0;0;0;0;0;0;0;0;0;0;0;2
596;8;"MILINKOVIC-SAVIC Sergej";"LAZIO";1;2;1;7.5;0;1;7.5;0;0;0;0;0;0;0;0;0;0;0;0;1;1;1;0;19
597;8;"MISSIROLI Simone";"SASSUOLO";1;2;1;6.0;0;1;6.0;0;0;0;0;0;0;0;0;0;0;0;0;1;1;1;0;7
598;8;"MONTOLIVO Riccardo";"MILAN";1;2;0;0.0;0;0;0.0;0;0;0;0;0;0;0;0;0;0;0;0;0;0;0;0;6
599;8;"MORA Luca";"SPAL";1;2;1;6.0;0;1;6.0;0;0;0;0;0;0;0;0;0;0;0;0;1;1;1;0;10
600;8;"MURGIA Alessandro";"LAZIO";1;2;0;0.0;0;0;0.0;0;0;0;0;0;0;0;0;0;0;0;0;0;0;0;0;5
601;8;"NAGY Adam";"BOLOGNA";1;2;0;0.0;0;0;0.0;0;0;0;0;0;0;0;0;0;0;0;0;0;0;0;0;4
602;8;"NAINGGOLAN Radja";"ROMA";1;2;1;5.5;0;1;5.5;0;0;0;0;0;0;0;0;0;0;0;0;1;1;1;0;25
603;8;"OBI Joel";"TORINO";1;2;0;0.0;0;0;0.0;0;0;0;0;0;0;0;0;0;0;0;0;0;0;0;0;5
604;8;"PADOIN Simone";"CAGLIARI";1;2;1;6.0;0;1;6.0;0;0;0;0;0;0;0;0;0;0;0;0;1;1;1;0;6
605;8;"PAROLO Marco";"LAZIO";1;2;1;6.5;0;1;6.5;0;0;0;0;0;0;0;0;0;0;0;0;1;1;1;0;19
606;8;"PELLEGRINI Lorenzo";"ROMA";1;2;1;5.5;0;1;5.5;0;0;0;0;0;0;0;0;0;0;0;0;1;1;1;0;12
608;8;"PJANIC Miralem";"JUVENTUS";1;2;0;0.0;0;0;0.0;0;0;0;0;0;0;0;0;0;0;0;0;0;0;0;0;24
609;8;"POLI Andrea";"BOLOGNA";1;2;1;10.5;0;1;6.5;1;0;0;0;0;0;0;0;0;0;0;0;1;1;1;0;8
610;8;"PONTISSO Simone";"UDINESE";1;2;0;0.0;0;0;0.0;0;0;0;0;0;0;0;0;0;0;0;0;0;0;0;0;1
611;8;"PRAET Dennis";"SAMPDORIA";1;2;1;8.0;0;1;7.0;0;0;0;0;1;0;0;0;0;0;0;0;1;1;1;0;11
612;8;"PULGAR Erick";"BOLOGNA";1;2;1;5.5;0;1;6.0;0;0;0;0;0;1;0;0;0;0;0;0;1;1;1;0;5
613;8;"RADOVANOVIC Ivan";"CHIEVO";1;2;1;6.5;0;1;6.5;0;0;0;0;0;0;0;0;0;0;0;0;1;1;1;0;9
614;8;"RIGONI Nicola";"CHIEVO";1;2;1;6.0;0;1;6.0;0;0;0;0;0;0;0;0;0;0;0;0;1;1;1;0;5
615;8;"RINCON Tomas";"TORINO";1;2;1;6.0;0;1;6.0;0;0;0;0;0;0;0;0;0;0;0;0;1;1;1;0;6
616;8;"RIZZO Luca";"SPAL";1;2;1;5.5;0;1;5.5;0;0;0;0;0;0;0;0;0;0;0;0;1;0;1;0;7
617;8;"ROG Marko";"NAPOLI";1;2;0;0.0;0;0;0.0;0;0;0;0;0;0;0;0;0;0;0;0;1;0;0;0;9
618;8;"ROHDEN Marcus";"CROTONE";1;2;1;11.0;0;1;7.0;1;0;0;0;0;0;0;0;0;0;0;0;1;1;1;0;12
619;8;"SANCHEZ Carlos";"FIORENTINA";1;2;0;0.0;0;0;0.0;0;0;0;0;0;0;0;0;0;0;0;0;1;0;0;0;5
621;8;"SCHIATTARELLA Pasquale";"SPAL";1;2;1;6.0;0;1;6.0;0;0;0;0;0;0;0;0;0;0;0;0;1;1;1;0;11
622;8;"SCHIAVON Eros";"SPAL";1;2;0;0.0;0;0;0.0;0;0;0;0;0;0;0;0;0;0;0;0;0;0;0;0;3
623;8;"SCHMIDT Joao";"ATALANTA";1;2;0;0.0;0;0;0.0;0;0;0;0;0;0;0;0;0;0;0;0;0;0;0;0;3
624;8;"SENSI Stefano";"SASSUOLO";1;2;1;6.0;0;1;6.0;0;0;0;0;0;0;0;0;0;0;0;0;1;0;1;0;9
626;8;"SPINAZZOLA Leonardo";"ATALANTA";1;2;1;8.0;0;1;7.0;0;0;0;0;1;0;0;0;0;0;0;0;1;1;1;0;10
627;8;"STROOTMAN Kevin";"ROMA";1;2;0;0.0;0;0;0.0;0;0;0;0;0;0;0;0;0;0;0;0;0;0;0;0;17
628;8;"STURARO Stefano";"JUVENTUS";1;2;1;5.0;0;1;5.5;0;0;0;0;0;1;0;0;0;0;0;0;1;0;1;0;5
629;8;"SULJIC Cazim";"CROTONE";1;2;0;0.0;0;0;0.0;0;0;0;0;0;0;0;0;0;0;0;0;0;0;0;0;1
630;8;"TAIDER Saphir";"BOLOGNA";1;2;1;6.0;0;1;6.0;0;0;0;0;0;0;0;0;0;0;0;0;1;0;1;0;9
631;8;"TETTEH Joseph";"CAGLIARI";1;2;0;0.0;0;0;0.0;0;0;0;0;0;0;0;0;0;0;0;0;0;0;0;0;1
632;8;"TORREIRA Lucas";"SAMPDORIA";1;2;1;6.0;0;1;6.0;0;0;0;0;0;0;0;0;0;0;0;0;1;1;1;0;10
633;8;"VALDIFIORI Mirko";"TORINO";1;2;0;0.0;0;0;0.0;0;0;0;0;0;0;0;0;0;0;0;0;0;0;0;0;4
634;8;"VECINO Matias";"INTER";1;2;1;6.5;0;1;7.0;0;0;0;0;0;1;0;0;0;0;0;0;1;1;1;0;14
635;8;"VELOSO Miguel";"GENOA";1;2;1;6.5;0;1;6.5;0;0;0;0;0;0;0;0;0;0;0;0;1;1;1;0;9
636;8;"VERRE Valerio";"SAMPDORIA";1;2;1;5.0;0;1;5.0;0;0;0;0;0;0;0;0;0;0;0;0;1;1;1;0;4
637;8;"VIOLA Nicolas";"BENEVENTO";1;2;0;0.0;0;0;0.0;0;0;0;0;0;0;0;0;0;0;0;0;0;0;0;0;4
638;8;"VIVIANI Federico";"SPAL";1;2;1;5.5;0;1;5.5;0;0;0;0;0;0;0;0;0;0;0;0;1;1;1;0;10
639;8;"ZACCAGNI Mattia";"VERONA";1;2;0;0.0;0;0;0.0;0;0;0;0;0;0;0;0;0;0;0;0;0;0;0;0;3
640;8;"ZIELINSKI Piotor";"NAPOLI";1;2;1;6.0;0;1;6.0;0;0;0;0;0;0;0;0;0;0;0;0;1;0;1;0;18
641;8;"ZUCULINI Bruno";"VERONA";1;2;0;0.0;0;0;0.0;0;0;0;0;0;0;0;0;0;0;0;0;0;0;0;0;5
642;8;"ZUCULINI Franco";"VERONA";1;2;0;0.0;0;0;0.0;0;0;0;0;0;0;0;0;0;0;0;0;0;0;0;0;4
643;8;"ALBERTO Luis";"LAZIO";1;2;1;8.5;0;1;7.5;0;0;0;0;1;0;0;0;0;0;0;0;1;1;1;1;18
644;8;"ALVAREZ Ricardo";"SAMPDORIA";1;2;0;0.0;0;0;0.0;0;0;0;0;0;0;0;0;0;0;0;0;0;0;0;1;10
645;8;"FELIPE ANDERSON Pereira Gomes";"LAZIO";1;2;0;0.0;0;0;0.0;0;0;0;0;0;0;0;0;0;0;0;0;0;0;0;1;11
647;8;"BERENGUER Alejandro";"TORINO";1;2;0;0.0;0;0;0.0;0;0;0;0;0;0;0;0;0;0;0;0;0;0;0;1;7
648;8;"BERNARDESCHI Federico";"JUVENTUS";1;2;1;5.5;0;1;5.5;0;0;0;0;0;0;0;0;0;0;0;0;1;0;1;1;21
649;8;"BESSA Daniel";"VERONA";1;2;1;5.0;0;1;5.5;0;0;0;0;0;1;0;0;0;0;0;0;1;1;1;1;10
651;8;"BIRSA Valter";"CHIEVO";1;2;1;6.0;0;1;6.0;0;0;0;0;0;0;0;0;0;0;0;0;1;1;1;1;19
652;8;"BONAVENTURA Giacomo";"MILAN";1;2;1;6.5;0;1;6.5;0;0;0;0;0;0;0;0;0;0;0;0;1;1;1;1;14
653;8;"CALHANOGLU Hakan";"MILAN";1;2;0;0.0;0;0;0.0;0;0;0;0;0;0;0;0;0;0;0;0;0;0;0;1;18
654;8;"CANDREVA Antonio";"INTER";1;2;1;7.5;0;1;6.5;0;0;0;0;1;0;0;0;0;0;0;0;1;1;1;1;17
655;8;"CHIESA Federico";"FIORENTINA";1;2;1;6.0;0;1;6.0;0;0;0;0;0;0;0;0;0;0;0;0;1;1;1;1;18
656;8;"CICIRETTI Amato";"BENEVENTO";1;2;1;5.5;0;1;5.5;0;0;0;0;0;0;0;0;0;0;0;0;1;0;0;1;12
657;8;"COSSU Andrea";"CAGLIARI";1;2;0;0.0;0;0;0.0;0;0;0;0;0;0;0;0;0;0;0;0;0;0;0;1;3
658;8;"COSTA Douglas";"JUVENTUS";1;2;1;9.0;0;1;5.5;1;0;0;0;0;0;0;0;0;0;0;0;1;1;1;1;20
659;8;"CUADRADO Juan";"JUVENTUS";1;2;0;0.0;0;0;0.0;0;0;0;0;0;0;0;0;0;0;0;0;0;0;0;1;18
660;8;"D'ALESSANDRO Marco";"BENEVENTO";1;2;0;0.0;0;0;0.0;0;0;0;0;0;0;0;0;0;0;0;0;0;0;0;1;11
661;8;"DE PAUL Rodrigo";"UDINESE";1;2;1;7.5;0;1;6.5;0;0;0;0;1;0;0;0;0;0;0;0;1;1;1;1;17
662;8;"DJURICIC Filip";"SAMPDORIA";1;2;0;0.0;0;0;0.0;0;0;0;0;0;0;0;0;0;0;0;0;0;0;0;1;5
663;8;"EWANDRO ";"UDINESE";1;2;0;0.0;0;0;0.0;0;0;0;0;0;0;0;0;0;0;0;0;0;0;0;1;3
665;8;"FALLETTI Cesar";"BOLOGNA";1;2;0;0.0;0;0;0.0;0;0;0;0;0;0;0;0;0;0;0;0;0;0;0;1;5
666;8;"FARES Mohamed";"VERONA";1;2;1;6.5;0;1;6.5;0;0;0;0;0;0;0;0;0;0;0;0;1;1;1;1;4
667;8;"GARRITANO Luca";"CHIEVO";1;2;1;6.0;0;1;6.0;0;0;0;0;0;0;0;0;0;0;0;0;1;0;1;1;4
668;8;"GERSON Santos da Silva";"ROMA";1;2;1;5.0;0;1;5.0;0;0;0;0;0;0;0;0;0;0;0;0;1;0;0;1;4
669;8;"GIACCHERINI Emanuele";"NAPOLI";1;2;0;0.0;0;0;0.0;0;0;0;0;0;0;0;0;0;0;0;0;0;0;0;1;6
670;8;"HAGI Ianis";"FIORENTINA";1;2;0;0.0;0;0;0.0;0;0;0;0;0;0;0;0;0;0;0;0;0;0;0;1;3
671;8;"IAGO Falque";"TORINO";1;2;1;10.5;0;1;7.0;1;0;0;0;0;0;0;0;0;0;0;0;1;1;1;1;28
672;8;"ILICIC Josip";"ATALANTA";1;2;1;6.0;0;1;6.0;0;0;0;0;0;0;0;0;0;0;0;0;1;1;1;1;20
673;8;"JOAO PEDRO";"CAGLIARI";1;2;1;9.5;0;1;6.0;1;0;0;0;0;0;0;1;0;0;0;0;1;1;1;1;19
674;8;"KREJCI Ladislav";"BOLOGNA";1;2;0;0.0;0;0;0.0;0;0;0;0;0;0;0;0;0;0;0;0;0;0;0;1;8
675;8;"KURTIC Jasmin";"ATALANTA";1;2;0;0.0;0;0;0.0;0;0;0;0;0;0;0;0;0;0;0;0;0;0;0;1;10
676;8;"LJAJIC Adem";"TORINO";1;2;1;7.5;0;1;6.5;0;0;0;0;1;0;0;0;0;0;0;0;1;1;1;1;27
677;8;"MALLE' Aly";"UDINESE";1;2;0;0.0;0;0;0.0;0;0;0;0;0;0;0;0;0;0;0;0;0;0;0;1;3
680;8;"NALINI Andrea";"CROTONE";1;2;1;6.0;0;1;6.0;0;0;0;0;0;0;0;0;0;0;0;0;1;0;1;1;6
682;8;"OIKONOMIDIS Christopher";"LAZIO";1;2;0;0.0;0;0;0.0;0;0;0;0;0;0;0;0;0;0;0;0;0;0;0;1;3
684;8;"PERISIC Ivan";"INTER";1;2;1;7.5;0;1;7.0;0;0;0;0;1;1;0;0;0;0;0;0;1;1;1;1;28
685;8;"PEROTTI Diego";"ROMA";1;2;1;6.0;0;1;6.0;0;0;0;0;0;0;0;0;0;0;0;0;1;1;1;1;19
686;8;"RIGONI Luca";"GENOA";1;2;1;11.5;0;1;7.0;1;0;1;0;1;0;0;0;0;0;0;0;1;1;1;1;12
687;8;"SAPONARA Riccardo";"FIORENTINA";1;2;0;0.0;0;0;0.0;0;0;0;0;0;0;0;0;0;0;0;0;0;0;0;1;11
688;8;"STOIAN Adrian";"CROTONE";1;2;1;6.0;0;1;6.0;0;0;0;0;0;0;0;0;0;0;0;0;1;1;1;1;9
689;8;"UNDER Cengiz";"ROMA";1;2;1;5.5;0;1;5.5;0;0;0;0;0;0;0;0;0;0;0;0;1;0;1;1;7
690;8;"VALENCIA Juan Manuel";"BOLOGNA";1;2;0;0.0;0;0;0.0;0;0;0;0;0;0;0;0;0;0;0;0;0;0;0;1;2
691;8;"BORJA VALERO Iglesias";"INTER";1;2;1;6.0;0;1;6.0;0;0;0;0;0;0;0;0;0;0;0;0;1;1;1;0;14
692;8;"VALOTI Mattia";"VERONA";1;2;1;4.5;0;1;4.5;0;0;0;0;0;0;0;0;0;0;0;0;1;1;1;1;4
693;8;"VIGNATO Emanuel";"CHIEVO";1;2;0;0.0;0;0;0.0;0;0;0;0;0;0;0;0;0;0;0;0;0;0;0;1;1
695;8;"ZEKHNINI Rafik";"FIORENTINA";1;2;0;0.0;0;0;0.0;0;0;0;0;0;0;0;0;0;0;0;0;0;0;0;1;4
697;8;"IZCO Mariano";"CROTONE";1;2;0;0.0;0;0;0.0;0;0;0;0;0;0;0;0;0;0;0;0;0;0;0;0;4
698;8;"BUCHEL Marcel";"VERONA";1;2;0;0.0;0;0;0.0;0;0;0;0;0;0;0;0;0;0;0;0;1;0;0;0;5
699;8;"VERETOUT Jordan";"FIORENTINA";1;2;1;6.5;0;1;7.0;0;0;0;0;0;1;0;0;0;0;0;0;1;1;1;0;12
700;8;"GRASSI Alberto";"SPAL";1;2;0;0.0;0;0;0.0;0;0;0;0;0;0;0;0;0;0;0;0;0;0;0;0;6
702;8;"OMEONGA Stephane";"GENOA";1;2;0;0.0;0;0;0.0;0;0;0;0;0;0;0;0;0;0;0;0;1;0;0;0;3
703;8;"CORLU Rezan";"ROMA";1;2;0;0.0;0;0;0.0;0;0;0;0;0;0;0;0;0;0;0;0;0;0;0;1;1
704;8;"RAMIREZ Gaston";"SAMPDORIA";1;2;1;5.5;0;1;5.5;0;0;0;0;0;0;0;0;0;0;0;0;1;1;1;1;15
705;8;"RODRIGUEZ Thomas";"GENOA";1;2;0;0.0;0;0;0.0;0;0;0;0;0;0;0;0;0;0;0;0;0;0;0;0;4
706;8;"EYSSERIC Valentin";"FIORENTINA";1;2;0;0.0;0;0;0.0;0;0;0;0;0;0;0;0;0;0;0;0;1;0;0;1;11
707;8;"DE ROON Marten";"ATALANTA";1;2;1;5.0;0;1;5.0;0;0;0;0;0;0;0;0;0;0;0;0;1;1;1;0;10
708;8;"BEARZOTTI Enrico";"VERONA";1;2;0;0.0;0;0;0.0;0;0;0;0;0;0;0;0;0;0;0;0;0;0;0;0;3
709;8;"GIL DIAS Bastiao";"FIORENTINA";1;2;0;0.0;0;0;0.0;0;0;0;0;0;0;0;0;0;0;0;0;0;0;0;1;11
710;8;"MATUIDI Blaise";"JUVENTUS";1;2;1;5.5;0;1;5.5;0;0;0;0;0;0;0;0;0;0;0;0;1;1;1;0;17
711;8;"BEHRAMI Valon";"UDINESE";1;2;0;0.0;0;0;0.0;0;0;0;0;0;0;0;0;0;0;0;0;0;0;0;0;8
712;8;"ZANELLATO Niccolo'";"MILAN";1;2;0;0.0;0;0;0.0;0;0;0;0;0;0;0;0;0;0;0;0;0;0;0;0;1
713;8;"BELLEMO Alessandro";"SPAL";1;2;0;0.0;0;0;0.0;0;0;0;0;0;0;0;0;0;0;0;0;0;0;0;0;1
714;8;"BRLEK Petar";"GENOA";1;2;0;0.0;0;0;0.0;0;0;0;0;0;0;0;0;0;0;0;0;1;0;0;0;5
715;8;"MEMUSHAJ Ledian";"BENEVENTO";1;2;1;6.0;0;1;6.0;0;0;0;0;0;0;0;0;0;0;0;0;1;1;1;0;6
716;8;"VITALE Mattia";"SPAL";1;2;0;0.0;0;0;0.0;0;0;0;0;0;0;0;0;0;0;0;0;0;0;0;0;3
717;8;"ROMERO Aristoteles";"CROTONE";1;2;0;0.0;0;0;0.0;0;0;0;0;0;0;0;0;0;0;0;0;0;0;0;0;4
718;8;"NETO Pedro";"LAZIO";1;2;0;0.0;0;0;0.0;0;0;0;0;0;0;0;0;0;0;0;0;0;0;0;1;2
719;8;"JORDAO Bruno";"LAZIO";1;2;0;0.0;0;0;0.0;0;0;0;0;0;0;0;0;0;0;0;0;0;0;0;0;1
720;8;"IVAN David";"SAMPDORIA";1;2;0;0.0;0;0;0.0;0;0;0;0;0;0;0;0;0;0;0;0;0;0;0;0;3
721;8;"DONNARUMMA Alessio";"BENEVENTO";1;2;0;0.0;0;0;0.0;0;0;0;0;0;0;0;0;0;0;0;0;0;0;0;0;1
802;8;"BERARDI Domenico";"SASSUOLO";1;3;1;5.5;0;1;5.5;0;0;0;0;0;0;0;0;0;0;0;0;1;1;1;1;22
803;8;"BORINI Fabio";"MILAN";1;3;1;6.5;0;1;6.5;0;0;0;0;0;0;0;0;0;0;0;0;1;1;1;1;6
804;8;"BOYE' Lucas";"TORINO";1;3;0;0.0;0;0;0.0;0;0;0;0;0;0;0;0;0;0;0;0;1;0;0;1;6
805;8;"CALLEJON Jose' Maria Bueno";"NAPOLI";1;3;1;6.5;0;1;6.5;0;0;0;0;0;0;0;0;0;0;0;0;1;1;1;1;32
807;8;"CERCI Alessio";"VERONA";1;3;1;5.5;0;1;5.5;0;0;0;0;0;0;0;0;0;0;0;0;1;1;1;1;11
808;8;"DI FRANCESCO Federico";"BOLOGNA";1;3;1;6.0;0;1;6.0;0;0;0;0;0;0;0;0;0;0;0;0;1;1;1;1;11
809;8;"DYBALA Paulo";"JUVENTUS";1;3;1;1.5;0;1;4.5;0;0;0;0;0;0;0;1;0;0;1;0;1;0;1;1;42
810;8;"EDER Citadin martins";"INTER";1;3;0;0.0;0;0;0.0;0;0;0;0;0;1;0;0;0;0;0;0;1;0;0;1;14
811;8;"EL SHAARAWY";"ROMA";1;3;0;0.0;0;0;0.0;0;0;0;0;0;0;0;0;0;0;0;0;0;0;0;1;21
812;8;"FARIAS Diego";"CAGLIARI";1;3;1;5.0;0;1;5.0;0;0;0;0;0;0;0;0;0;0;0;0;1;1;1;1;11
816;8;"GOMEZ Alejandro";"ATALANTA";1;3;1;6.0;0;1;6.0;0;0;0;0;0;0;0;0;0;0;0;0;1;0;1;1;29
817;8;"INSIGNE Lorenzo";"NAPOLI";1;3;1;11.0;0;1;7.5;1;0;1;0;0;0;0;0;0;0;0;0;1;1;1;1;36
822;8;"KOTNIK Andrej";"CROTONE";1;3;0;0.0;0;0;0.0;0;0;0;0;0;0;0;0;0;0;0;0;0;0;0;1;4
823;8;"LEANDRINHO";"NAPOLI";1;3;0;0.0;0;0;0.0;0;0;0;0;0;0;0;0;0;0;0;0;0;0;0;1;2
824;8;"LERIS Mehdi";"CHIEVO";1;3;0;0.0;0;0;0.0;0;0;0;0;0;0;0;0;0;0;0;0;0;0;0;1;1
825;8;"LOMBARDI Cristiano";"BENEVENTO";1;3;1;6.0;0;1;6.0;0;0;0;0;0;0;0;0;0;0;0;0;1;1;1;1;5
827;8;"MATOS";"UDINESE";1;3;1;6.0;0;1;6.0;0;0;0;0;0;0;0;0;0;0;0;0;1;0;1;1;4
828;8;"MERTENS Dries";"NAPOLI";1;3;1;6.5;0;1;6.5;0;0;0;0;0;0;0;0;0;0;0;0;1;1;1;1;44
829;8;"OKONKWO Orji";"BOLOGNA";1;3;0;0.0;0;0;0.0;0;0;0;0;0;0;0;0;0;0;0;0;0;0;0;1;5
830;8;"ORSOLINI Riccardo";"ATALANTA";1;3;0;0.0;0;0;0.0;0;0;0;0;0;0;0;0;0;0;0;0;0;0;0;1;10
831;8;"OUNAS Adam";"NAPOLI";1;3;0;0.0;0;0;0.0;0;0;0;0;0;0;0;0;0;0;0;0;0;0;0;1;8
832;8;"PALLADINO Raffaele";"GENOA";1;3;0;0.0;0;0;0.0;0;0;0;0;0;0;0;0;0;0;0;0;0;0;0;1;7
833;8;"PANDEV Goran";"GENOA";1;3;0;0.0;0;0;0.0;0;0;0;0;0;0;0;0;0;0;0;0;0;0;0;1;9
834;8;"PARIGINI Vittorio";"BENEVENTO";1;3;1;5.5;0;1;5.5;0;0;0;0;0;0;0;0;0;0;0;0;1;1;1;1;4
835;8;"PIERINI Nicholas";"SASSUOLO";1;3;0;0.0;0;0;0.0;0;0;0;0;0;0;0;0;0;0;0;0;0;0;0;1;1
836;8;"PJACA Marko";"JUVENTUS";1;3;0;0.0;0;0;0.0;0;0;0;0;0;0;0;0;0;0;0;0;0;0;0;1;7
837;8;"POLITANO Matteo";"SASSUOLO";1;3;1;5.0;0;1;5.0;0;0;0;0;0;0;0;0;0;0;0;0;1;1;1;1;15
838;8;"RAGUSA Antonino";"SASSUOLO";1;3;0;0.0;0;0;0.0;0;0;0;0;0;0;0;0;0;0;0;0;0;0;0;1;7
840;8;"RICCI Federico";"GENOA";1;3;1;6.0;0;1;6.0;0;0;0;0;0;0;0;0;0;0;0;0;1;0;1;1;5
841;8;"SUSO";"MILAN";1;3;1;9.5;0;1;6.0;1;0;0;0;0;0;0;0;0;0;0;0;1;1;1;1;23
842;8;"TONEV Aleksandar";"CROTONE";1;3;0;0.0;0;0;0.0;0;0;0;0;0;0;0;0;0;0;0;0;0;0;0;1;4
843;8;"VERDE Daniele";"VERONA";1;3;1;7.5;0;1;6.5;0;0;0;0;1;0;0;0;0;0;0;0;1;0;1;1;8
844;8;"VERDI Simone";"BOLOGNA";1;3;1;6.0;0;1;6.0;0;0;0;0;0;0;0;0;0;0;0;0;1;1;1;1;19
845;8;"ANTENUCCI Mirco";"SPAL";1;3;1;9.5;0;1;6.5;1;0;0;0;0;0;0;0;0;0;0;0;1;1;1;0;16
846;8;"AVENATTI Felipe";"BOLOGNA";1;3;0;0.0;0;0;0.0;0;0;0;0;0;0;0;0;0;0;0;0;0;0;0;0;6
847;8;"BABACAR Khouma";"FIORENTINA";1;3;0;0.0;0;0;0.0;0;0;0;0;0;0;0;0;0;0;0;0;0;0;0;0;12
849;8;"BALDE Ibourahima";"SAMPDORIA";1;3;0;0.0;0;0;0.0;0;0;0;0;0;0;0;0;0;0;0;0;0;0;0;0;1
850;8;"BELOTTI Andrea";"TORINO";1;3;0;0.0;0;0;0.0;0;0;0;0;0;0;0;0;0;0;0;0;0;0;0;0;34
851;8;"BONAZZOLI Federico";"SPAL";1;3;0;0.0;0;0;0.0;0;0;0;0;0;0;0;0;0;0;0;0;0;0;0;0;4
852;8;"BORRIELLO Marco";"SPAL";1;3;1;5.0;0;1;5.5;0;0;0;0;0;1;0;0;0;0;0;0;1;0;1;0;21
853;8;"BUDIMIR Ante";"CROTONE";1;3;0;0.0;0;0;0.0;0;0;0;0;0;0;0;0;0;0;0;0;1;0;0;0;13
854;8;"CAPRARI Gianluca";"SAMPDORIA";1;3;1;9.0;0;1;6.5;1;0;1;0;0;1;0;0;0;0;0;0;1;0;1;0;15
858;8;"CODA Massimo";"BENEVENTO";1;3;0;0.0;0;0;0.0;0;0;0;0;0;0;0;0;0;0;0;0;0;0;0;0;12
860;8;"CORNELIUS Andreas";"ATALANTA";1;3;1;6.0;0;1;6.0;0;0;0;0;0;0;0;0;0;0;0;0;1;0;1;0;13
861;8;"CUTRONE Patrik";"MILAN";1;3;1;6.5;0;1;6.5;0;0;0;0;0;0;0;0;0;0;0;0;1;0;1;0;6
862;8;"DEFREL Gregoire";"ROMA";1;3;0;0.0;0;0;0.0;0;0;0;0;0;0;0;0;0;0;0;0;0;0;0;0;14
863;8;"DESTRO Mattia";"BOLOGNA";1;3;0;0.0;0;0;0.0;0;0;0;0;0;0;0;0;0;0;0;0;0;0;0;0;15
864;8;"DJORDJEVIC Filip";"LAZIO";1;3;0;0.0;0;0;0.0;0;0;0;0;0;0;0;0;0;0;0;0;0;0;0;0;6
865;8;"DZEKO Edin";"ROMA";1;3;1;6.0;0;1;6.0;0;0;0;0;0;0;0;0;0;0;0;0;1;1;1;0;41
866;8;"FALCINELLI Diego";"SASSUOLO";1;3;1;5.0;0;1;5.0;0;0;0;0;0;0;0;0;0;0;0;0;1;0;1;0;15
867;8;"FLOCCARI Sergio";"SPAL";1;3;0;0.0;0;0;0.0;0;0;0;0;0;0;0;0;0;0;0;0;0;0;0;0;11
868;8;"GALABINOV Andrej";"GENOA";1;3;1;10.0;0;1;7.0;1;0;0;0;0;0;0;0;0;0;0;0;1;1;1;0;15
869;8;"GIANNETTI Niccolo'";"CAGLIARI";1;3;0;0.0;0;0;0.0;0;0;0;0;0;0;0;0;0;0;0;0;0;0;0;0;6
871;8;"HIGUAIN Gonzalo Gerardo";"JUVENTUS";1;3;1;4.5;0;1;4.5;0;0;0;0;0;0;0;0;0;0;0;0;1;1;1;0;34
872;8;"ICARDI Mauro Emanuel";"INTER";1;3;1;17.5;0;1;9.0;3;0;1;0;0;1;0;1;0;0;0;0;1;1;1;0;44
873;8;"IEMMELLO Pietro";"BENEVENTO";1;3;1;4.5;0;1;4.5;0;0;0;0;0;0;0;0;0;0;0;0;1;1;1;0;10
874;8;"IMMOBILE Ciro";"LAZIO";1;3;1;14.0;0;1;8.0;2;0;1;0;0;0;0;1;0;0;0;0;1;1;1;0;48
875;8;"INGLESE Roberto";"CHIEVO";1;3;1;5.0;0;1;5.0;0;0;0;0;0;0;0;0;0;0;0;0;1;1;1;0;18
876;8;"KALINIC Nikola";"MILAN";1;3;0;0.0;0;0;0.0;0;0;0;0;0;0;0;0;0;0;0;0;0;0;0;0;24
877;8;"KEAN Moise";"VERONA";1;3;1;5.0;0;1;5.5;0;0;0;0;0;1;0;0;0;0;0;0;1;0;1;0;6
878;8;"KOWNACKI Dawid";"SAMPDORIA";1;3;0;0.0;0;0;0.0;0;0;0;0;0;0;0;0;0;0;0;0;1;0;0;0;6
879;8;"LAPADULA Gianluca";"GENOA";1;3;0;0.0;0;0;0.0;0;0;0;0;0;0;0;0;0;0;0;0;0;0;0;0;12
880;8;"LASAGNA Kevin";"UDINESE";1;3;1;5.5;0;1;5.5;0;0;0;0;0;0;0;0;0;0;0;0;1;1;1;0;16
881;8;"MANDZUKIC Mario";"JUVENTUS";1;3;1;6.0;0;1;6.0;0;0;0;0;0;0;0;0;0;0;0;0;1;1;1;0;20
882;8;"MATRI Alessandro";"SASSUOLO";1;3;1;5.0;0;1;5.0;0;0;0;0;0;0;0;0;0;0;0;0;1;1;1;0;15
883;8;"MEGGIORINI Riccardo";"CHIEVO";1;3;0;0.0;0;0;0.0;0;0;0;0;0;0;0;0;0;0;0;0;0;0;0;0;7
884;8;"MELCHIORRI Federico";"CAGLIARI";1;3;0;0.0;0;0;0.0;0;0;0;0;0;0;0;0;0;0;0;0;0;0;0;0;5
885;8;"MILIK Arkadiusz";"NAPOLI";1;3;0;0.0;0;0;0.0;0;0;0;0;0;0;0;0;0;0;0;0;0;0;0;0;18
887;8;"NIANG M'Baye";"TORINO";1;3;1;6.0;0;1;6.0;0;0;0;0;0;0;0;0;0;0;0;0;1;1;1;0;14
888;8;"PALOMBI Simone";"LAZIO";1;3;0;0.0;0;0;0.0;0;0;0;0;0;0;0;0;0;0;0;0;0;0;0;0;5
889;8;"PALOSCHI Alberto";"SPAL";1;3;1;5.0;0;1;5.0;0;0;0;0;0;0;0;0;0;0;0;0;1;1;1;0;13
890;8;"PAVOLETTI Leonardo";"CAGLIARI";1;3;1;8.5;0;1;6.0;1;0;0;0;0;1;0;0;0;0;0;0;1;1;1;0;14
891;8;"PAZZINI Giampaolo";"VERONA";1;3;1;6.5;0;1;6.5;0;0;0;0;0;0;0;0;0;0;0;0;1;1;1;0;19
892;8;"PELLEGRI Pietro";"GENOA";1;3;0;0.0;0;0;0.0;0;0;0;0;0;0;0;0;0;0;0;0;0;0;0;0;6
893;8;"PELLISSIER Sergio";"CHIEVO";1;3;0;0.0;0;0;0.0;0;0;0;0;0;0;0;0;0;0;0;0;1;0;0;0;11
894;8;"PERICA Stipe";"UDINESE";1;3;1;6.0;0;1;6.0;0;0;0;0;0;0;0;0;0;0;0;0;1;0;1;0;10
895;8;"PETAGNA Andrea";"ATALANTA";1;3;1;6.0;0;1;6.0;0;0;0;0;0;0;0;0;0;0;0;0;1;1;1;0;18
896;8;"PETKOVIC Bruno";"BOLOGNA";1;3;0;0.0;0;0;0.0;0;0;0;0;0;0;0;0;0;0;0;0;0;0;0;0;9
897;8;"PINAMONTI Andrea";"INTER";1;3;0;0.0;0;0;0.0;0;0;0;0;0;0;0;0;0;0;0;0;0;0;0;0;4
898;8;"PUCCIARELLI Manuel";"CHIEVO";1;3;1;6.0;0;1;6.0;0;0;0;0;0;0;0;0;0;0;0;0;1;1;1;0;12
899;8;"PUSCAS George";"BENEVENTO";1;3;0;0.0;0;0;0.0;0;0;0;0;0;0;0;0;0;0;0;0;0;0;0;0;9
900;8;"QUAGLIARELLA Fabio";"SAMPDORIA";1;3;1;7.5;0;1;6.5;0;0;0;0;1;0;0;0;0;0;0;0;1;1;1;0;23
903;8;"SADIQ Umar";"TORINO";1;3;1;6.0;0;1;6.0;0;0;0;0;0;0;0;0;0;0;0;0;1;1;1;0;4
904;8;"SALCEDO Eddie";"GENOA";1;3;0;0.0;0;0;0.0;0;0;0;0;0;0;0;0;0;0;0;0;0;0;0;0;1
905;8;"SAU Marco";"CAGLIARI";1;3;1;5.5;0;1;5.5;0;0;0;0;0;0;0;0;0;0;0;0;1;0;0;0;13
906;8;"SCAMACCA Gianluca";"SASSUOLO";1;3;0;0.0;0;0;0.0;0;0;0;0;0;0;0;0;0;0;0;0;0;0;0;0;1
907;8;"SCHICK Patrik";"ROMA";1;3;0;0.0;0;0;0.0;0;0;0;0;0;0;0;0;0;0;0;0;0;0;0;0;17
908;8;"SILVA Andre'";"MILAN";1;3;1;6.0;0;1;6.0;0;0;0;0;0;0;0;0;0;0;0;0;1;1;1;0;20
909;8;"SIMEONE Giovanni";"FIORENTINA";1;3;1;6.0;0;1;6.0;0;0;0;0;0;0;0;0;0;0;0;0;1;1;1;0;21
910;8;"SIMY ";"CROTONE";1;3;1;7.0;0;1;6.0;0;0;0;0;1;0;0;0;0;0;0;0;1;1;1;0;9
911;8;"THEREAU Cyril";"FIORENTINA";1;3;1;13.5;0;1;7.5;2;0;1;0;0;0;0;0;0;0;0;0;1;1;1;0;24
912;8;"THIAM Mame";"JUVENTUS";1;3;0;0.0;0;0;0.0;0;0;0;0;0;0;0;0;0;0;0;0;0;0;0;0;4
913;8;"TROTTA Marcello";"CROTONE";1;3;1;5.5;0;1;5.5;0;0;0;0;0;0;0;0;0;0;0;0;1;1;1;0;10
914;8;"TUMMINELLO Marco";"CROTONE";1;3;0;0.0;0;0;0.0;0;0;0;0;0;0;0;0;0;0;0;0;0;0;0;0;3
915;8;"TUPTA Lubomir";"VERONA";1;3;0;0.0;0;0;0.0;0;0;0;0;0;0;0;0;0;0;0;0;0;0;0;0;1
916;8;"VIDO Luca";"ATALANTA";1;3;1;5.5;0;1;5.5;0;0;0;0;0;0;0;0;0;0;0;0;1;0;1;0;5
917;8;"ZAPATA Duvan";"SAMPDORIA";1;3;1;10.0;0;1;7.0;1;0;0;0;0;0;0;0;0;0;0;0;1;1;1;0;19
918;8;"CENTURION Ricardo";"GENOA";1;3;0;0.0;0;0;0.0;0;0;0;0;0;0;0;0;0;0;0;0;0;0;0;1;8
919;8;"BAJIC Riad";"UDINESE";1;3;0;0.0;0;0;0.0;0;0;0;0;0;0;0;0;0;0;0;0;0;0;0;0;12
920;8;"CAICEDO Felipe";"LAZIO";1;3;1;5.0;0;1;5.0;0;0;0;0;0;0;0;0;0;0;0;0;1;0;0;0;12
921;8;"EDERA Simone";"TORINO";1;3;0;0.0;0;0;0.0;0;0;0;0;0;0;0;0;0;0;0;0;0;0;0;1;2
922;8;"TAARABT Adel";"GENOA";1;3;1;12.0;0;1;7.5;1;0;0;0;1;0;0;0;0;0;0;0;1;1;1;1;12
923;8;"BORELLO Giuseppe";"CROTONE";1;3;0;0.0;0;0;0.0;0;0;0;0;0;0;0;0;0;0;0;0;0;0;0;1;1
924;8;"PALACIO Rodrigo";"BOLOGNA";1;3;1;8.5;0;1;7.5;0;0;0;0;1;0;0;0;0;0;0;0;1;1;1;1;18
925;8;"UBALDI Leonardo";"SPAL";1;3;0;0.0;0;0;0.0;0;0;0;0;0;0;0;0;0;0;0;0;0;0;0;0;1
926;8;"PEREA Brayan";"LAZIO";1;3;0;0.0;0;0;0.0;0;0;0;0;0;0;0;0;0;0;0;0;0;0;0;0;4
927;8;"BRIGNOLA Enrico";"BENEVENTO";1;3;0;0.0;0;0;0.0;0;0;0;0;0;0;0;0;0;0;0;0;0;0;0;1;1
928;8;"ARMENTEROS Samuel";"BENEVENTO";1;3;0;0.0;0;0;0.0;0;0;0;0;0;0;0;0;0;0;0;0;1;0;0;0;12
929;8;"LEE Seung-woo";"VERONA";1;3;0;0.0;0;0;0.0;0;0;0;0;0;0;0;0;0;0;0;0;0;0;0;1;2
930;8;"NANI Luis carlos";"LAZIO";1;3;1;6.0;0;1;6.0;0;0;0;0;0;0;0;0;0;0;0;0;1;0;1;1;14
931;8;"LOPEZ Maxi";"UDINESE";1;3;1;5.5;0;1;5.5;0;0;0;0;0;0;0;0;0;0;0;0;1;1;1;0;15
932;8;"STEPINSKI Mariusz";"CHIEVO";1;3;1;5.5;0;1;5.5;0;0;0;0;0;0;0;0;0;0;0;0;1;0;1;0;13
933;8;"KARAMOH Yann";"INTER";1;3;0;0.0;0;0;0.0;0;0;0;0;0;0;0;0;0;0;0;0;0;0;0;1;12
934;8;"LO FASO Simone";"FIORENTINA";1;3;0;0.0;0;0;0.0;0;0;0;0;0;0;0;0;0;0;0;0;0;0;0;1;2