100;4;"ALISSON Ramses Becker";"ROMA";1;0;1;6.0;0;1;6.0;0;0;0;0;0;0;0;0;0;0;0;0;1;1;1;0;15
101;4;"BELEC Vid";"BENEVENTO";1;0;1;-0.5;0;1;5.5;0;6;0;0;0;0;0;0;2;0;0;0;1;1;1;0;8
102;4;"BERISHA Etrit";"ATALANTA";1;0;0;0.0;0;0;0.0;0;0;0;0;0;0;0;0;0;0;0;0;0;0;0;0;13
103;4;"BERNI Tommaso";"INTER";1;0;0;0.0;0;0;0.0;0;0;0;0;0;0;0;0;0;0;0;0;0;0;0;0;1
104;4;"BIZZARRI Benjamin";"UDINESE";1;0;0;0.0;0;0;0.0;0;0;0;0;0;0;0;0;0;0;0;0;0;0;0;0;2
105;4;"BUFFON Gianluigi";"JUVENTUS";1;0;1;5.0;0;1;6.0;0;1;0;0;0;0;0;0;0;0;0;0;1;1;1;0;18
106;4;"CONFENTE Alessandro";"CHIEVO";1;0;0;0.0;0;0;0.0;0;0;0;0;0;0;0;0;0;0;0;0;0;0;0;0;1
107;4;"CONSIGLI Andrea";"SASSUOLO";1;0;1;2.5;0;1;5.5;0;3;0;0;0;0;0;0;0;0;0;0;1;1;1;0;12
108;4;"COPPOLA Ferdinando";"VERONA";1;0;0;0.0;0;0;0.0;0;0;0;0;0;0;0;0;0;0;0;0;0;0;0;0;1
109;4;"CORDAZ Alex";"CROTONE";1;0;1;3.5;0;1;6.0;0;2;0;0;0;1;0;0;0;0;0;0;1;1;1;0;11
110;4;"COTTICELLI Antonio";"BENEVENTO";1;0;0;0.0;0;0;0.0;0;0;0;0;0;0;0;0;0;0;0;0;0;0;0;0;1
111;4;"CRAGNO Alessio";"CAGLIARI";1;0;1;7.0;0;1;7.0;0;0;0;0;0;0;0;0;0;0;0;0;1;1;1;0;11
112;4;"CROSTA Luca";"CAGLIARI";1;0;0;0.0;0;0;0.0;0;0;0;0;0;0;0;0;0;0;0;0;0;0;0;0;1
113;4;"DA COSTA";"BOLOGNA";1;0;0;0.0;0;0;0.0;0;0;0;0;0;0;0;0;0;0;0;0;0;0;0;0;1
114;4;"DONNARUMMA Gianluigi";"MILAN";1;0;1;5.0;0;1;6.0;0;1;0;0;0;0;0;0;0;0;0;0;1;1;1;0;15
115;4;"DONNARUMMA Antonio";"MILAN";1;0;0;0.0;0;0;0.0;0;0;0;0;0;0;0;0;0;0;0;0;0;0;0;0;1
116;4;"DRAGOWSKI Bartolomiej";"FIORENTINA";1;0;0;0.0;0;0;0.0;0;0;0;0;0;0;0;0;0;0;0;0;0;0;0;0;1
117;4;"FESTA Marco";"CROTONE";1;0;0;0.0;0;0;0.0;0;0;0;0;0;0;0;0;0;0;0;0;0;0;0;0;1
118;4;"GOLLINI Pierluigi";"ATALANTA";1;0;1;6.0;0;1;7.0;0;1;0;0;0;0;0;0;0;0;0;0;1;1;1;0;2
119;4;"GOMIS Alfred";"SPAL";1;0;1;4.0;0;1;6.0;0;2;0;0;0;0;0;0;0;0;0;0;1;1;1;0;3
120;4;"GUERRIERI Guido";"LAZIO";1;0;0;0.0;0;0;0.0;0;0;0;0;0;0;0;0;0;0;0;0;0;0;0;0;1
121;4;"HANDANOVIC Samir";"INTER";1;0;1;7.5;0;1;7.5;0;0;0;0;0;0;0;0;0;0;0;0;1;1;1;0;18
123;4;"KRAPIKAS Titas";"SAMPDORIA";1;0;0;0.0;0;0;0.0;0;0;0;0;0;0;0;0;0;0;0;0;0;0;0;0;1
124;4;"LAMANNA Eugenio";"GENOA";1;0;0;0.0;0;0;0.0;0;0;0;0;0;0;0;0;0;0;0;0;0;0;0;0;1
125;4;"LOBONT Bogdan";"ROMA";1;0;0;0.0;0;0;0.0;0;0;0;0;0;0;0;0;0;0;0;0;0;0;0;0;1
126;4;"MARCHEGIANI Gabriele";"SPAL";1;0;0;0.0;0;0;0.0;0;0;0;0;0;0;0;0;0;0;0;0;0;0;0;0;1
127;4;"MERET Alex";"SPAL";1;0;0;0.0;0;0;0.0;0;0;0;0;0;0;0;0;0;0;0;0;0;0;0;0;8
128;4;"MILINKOVIC Vanja";"TORINO";1;0;0;0.0;0;0;0.0;0;0;0;0;0;0;0;0;0;0;0;0;0;0;0;0;1
129;4;"MIRANTE Antonio";"BOLOGNA";1;0;1;4.0;0;1;6.0;0;2;0;0;0;0;0;0;0;0;0;0;1;1;1;0;10
130;4;"NICOLAS Andrade";"VERONA";1;0;1;2.5;0;1;5.5;0;3;0;0;0;0;0;0;0;0;0;0;1;1;1;0;7
131;4;"PADELLI Daniele";"INTER";1;0;0;0.0;0;0;0.0;0;0;0;0;0;0;0;0;0;0;0;0;0;0;0;0;1
132;4;"PEGOLO Gianluca";"SASSUOLO";1;0;0;0.0;0;0;0.0;0;0;0;0;0;0;0;0;0;0;0;0;0;0;0;0;1
133;4;"PERIN Mattia";"GENOA";1;0;1;3.0;0;1;6.0;0;3;0;0;0;0;0;0;0;0;0;0;1;1;1;0;12
134;4;"PINSOGLIO Carlo";"JUVENTUS";1;0;0;0.0;0;0;0.0;0;0;0;0;0;0;0;0;0;0;0;0;0;0;0;0;1
136;4;"PUGGIONI Christian";"SAMPDORIA";1;0;1;4.0;0;1;6.0;0;2;0;0;0;0;0;0;0;0;0;0;1;1;1;0;3
137;4;"RAFAEL De Andrade";"CAGLIARI";1;0;0;0.0;0;0;0.0;0;0;0;0;0;0;0;0;0;0;0;0;0;0;0;0;1
138;4;"RAFAEL Cabral Barbosa";"NAPOLI";1;0;0;0.0;0;0;0.0;0;0;0;0;0;0;0;0;0;0;0;0;0;0;0;0;1
139;4;"RAVAGLIA Federico";"BOLOGNA";1;0;0;0.0;0;0;0.0;0;0;0;0;0;0;0;0;0;0;0;0;0;0;0;0;1
140;4;"REINA Jose' Manuel Paez";"NAPOLI";1;0;1;6.0;0;1;6.0;0;0;0;0;0;0;0;0;0;0;0;0;1;1;1;0;16
141;4;"ROSSI Francesco";"ATALANTA";1;0;0;0.0;0;0;0.0;0;0;0;0;0;0;0;0;0;0;0;0;0;0;0;0;1
142;4;"SCUFFET Simone";"UDINESE";1;0;1;5.0;0;1;7.0;0;2;0;0;0;0;0;0;0;0;0;0;1;1;1;0;11
143;4;"SECULIN Andrea";"CHIEVO";1;0;0;0.0;0;0;0.0;0;0;0;0;0;0;0;0;0;0;0;0;0;0;0;0;1
144;4;"SEPE Luigi";"NAPOLI";1;0;0;0.0;0;0;0.0;0;0;0;0;0;0;0;0;0;0;0;0;0;0;0;0;1
145;4;"SILVESTRI Marco";"VERONA";1;0;0;0.0;0;0;0.0;0;0;0;0;0;0;0;0;0;0;0;0;0;0;0;0;1
146;4;"SIRIGU Salvatore";"TORINO";1;0;1;4.0;0;1;6.0;0;2;0;0;0;0;0;0;0;0;0;0;1;1;1;0;15
147;4;"SKORUPSKI Lukasz";"ROMA";1;0;0;0.0;0;0;0.0;0;0;0;0;0;0;0;0;0;0;0;0;0;0;0;0;1
148;4;"SORRENTINO Stefano";"CHIEVO";1;0;1;6.5;0;1;7.5;0;1;0;0;0;0;0;0;1;0;0;0;1;1;1;0;12
149;4;"SPORTIELLO Marco";"FIORENTINA";1;0;1;5.0;0;1;6.0;0;1;0;0;0;0;0;0;0;0;0;0;1;1;1;0;13
150;4;"STORARI Marco";"MILAN";1;0;0;0.0;0;0;0.0;0;0;0;0;0;0;0;0;0;0;0;0;0;0;0;0;1
151;4;"STRAKOSHA Thomas";"LAZIO";1;0;1;4.0;0;1;6.0;0;2;0;0;0;0;0;0;0;0;0;0;1;1;1;0;14
152;4;"SZCZESNY Wojciech";"JUVENTUS";1;0;0;0.0;0;0;0.0;0;0;0;0;0;0;0;0;0;0;0;0;0;0;0;0;3
154;4;"VARGIC Ivan";"LAZIO";1;0;0;0.0;0;0;0.0;0;0;0;0;0;0;0;0;0;0;0;0;0;0;0;0;1
155;4;"VISCOVO Aniello";"CROTONE";1;0;0;0.0;0;0;0.0;0;0;0;0;0;0;0;0;0;0;0;0;0;0;0;0;1
156;4;"VIVIANO Emiliano";"SAMPDORIA";1;0;0;0.0;0;0;0.0;0;0;0;0;0;0;0;0;0;0;0;0;0;0;0;0;11
158;4;"ZIMA Lukas";"GENOA";1;0;0;0.0;0;0;0.0;0;0;0;0;0;0;0;0;0;0;0;0;0;0;0;0;1
159;4;"MARSON Leonardo";"SASSUOLO";1;0;0;0.0;0;0;0.0;0;0;0;0;0;0;0;0;0;0;0;0;0;0;0;0;1
160;4;"BRIGNOLI Alberto";"BENEVENTO";1;0;0;0.0;0;0;0.0;0;0;0;0;0;0;0;0;0;0;0;0;0;0;0;0;1
161;4;"CEROFOLINI Michele";"FIORENTINA";1;0;0;0.0;0;0;0.0;0;0;0;0;0;0;0;0;0;0;0;0;0;0;0;0;1
162;4;"PISCITELLI Riccardo";"BENEVENTO";1;0;0;0.0;0;0;0.0;0;0;0;0;0;0;0;0;0;0;0;0;0;0;0;0;1
163;4;"ICHAZO Salvador";"TORINO";1;0;0;0.0;0;0;0.0;0;0;0;0;0;0;0;0;0;0;0;0;0;0;0;0;1
164;4;"BORSELLINI Davide";"UDINESE";1;0;0;0.0;0;0;0.0;0;0;0;0;0;0;0;0;0;0;0;0;0;0;0;0;1
165;4;"SANTURRO Antonio";"BOLOGNA";1;0;0;0.0;0;0;0.0;0;0;0;0;0;0;0;0;0;0;0;0;0;0;0;0;1
166;4;"MARCHETTI Federico";"LAZIO";1;0;0;0.0;0;0;0.0;0;0;0;0;0;0;0;0;0;0;0;0;0;0;0;0;1
167;4;"TOZZO Andrea";"SAMPDORIA";1;0;0;0.0;0;0;0.0;0;0;0;0;0;0;0;0;0;0;0;0;0;0;0;0;1
200;4;"ABATE Ignazio";"MILAN";1;1;0;0.0;0;0;0.0;0;0;0;0;0;0;0;0;0;0;0;0;0;0;0;0;5
201;4;"ACERBI Francesco";"SASSUOLO";1;1;1;6.0;0;1;6.0;0;0;0;0;0;0;0;0;0;0;0;0;1;1;1;0;16
202;4;"ADJAPONG Claud";"SASSUOLO";1;1;1;5.0;0;1;5.5;0;0;0;0;0;1;0;0;0;0;0;0;1;1;1;0;4
203;4;"ADNAN Ali Kadhim";"UDINESE";1;1;0;0.0;0;0;0.0;0;0;0;0;0;0;0;0;0;0;0;0;0;0;0;0;3
204;4;"ALBIOL Tortajada Raul";"NAPOLI";1;1;1;6.0;0;1;6.0;0;0;0;0;0;0;0;0;0;0;0;0;1;1;1;0;10
205;4;"ALEX SANDRO";"JUVENTUS";1;1;1;5.5;0;1;6.0;0;0;0;0;0;1;0;0;0;0;0;0;1;1;1;0;19
206;4;"ANDREOLLI Marco";"CAGLIARI";1;1;0;0.0;0;0;0.0;0;0;0;0;0;0;0;0;0;0;0;0;0;0;0;0;5
207;4;"ANGELLA Gabriele";"UDINESE";1;1;0;0.0;0;0;0.0;0;0;0;0;0;0;0;0;0;0;0;0;0;0;0;0;4
208;4;"ANSALDI Cristian";"TORINO";1;1;0;0.0;0;0;0.0;0;0;0;0;0;0;0;0;0;0;0;0;0;0;0;0;5
209;4;"ANTEI Luca";"BENEVENTO";1;1;1;4.5;0;1;4.5;0;0;0;0;0;0;0;0;0;0;0;0;1;1;1;0;4
210;4;"ANTONELLI Luca";"MILAN";1;1;0;0.0;0;0;0.0;0;0;0;0;0;0;0;0;0;0;0;0;0;0;0;0;4
211;4;"ASAMOAH Kwadwo";"JUVENTUS";1;1;0;0.0;0;0;0.0;0;0;0;0;0;0;0;0;0;0;0;0;0;0;0;0;5
212;4;"ASTORI Davide";"FIORENTINA";1;1;1;5.0;0;1;5.0;0;0;0;0;0;0;0;0;0;0;0;0;1;1;1;0;13
214;4;"BANI Mattia";"CHIEVO";1;1;0;0.0;0;0;0.0;0;0;0;0;0;0;0;0;0;0;0;0;0;0;0;0;3
215;4;"BARRECA Antonio";"TORINO";1;1;1;6.0;0;1;6.0;0;0;0;0;0;0;0;0;0;0;0;0;1;1;1;0;8
216;4;"BARZAGLI Andrea";"JUVENTUS";1;1;1;6.0;0;1;6.0;0;0;0;0;0;0;0;0;0;0;0;0;1;0;1;0;12
217;4;"BASTA Dusan";"LAZIO";1;1;1;5.5;0;1;5.5;0;0;0;0;0;0;0;0;0;0;0;0;1;1;1;0;8
218;4;"BASTONI Alessandro";"ATALANTA";1;1;0;0.0;0;0;0.0;0;0;0;0;0;0;0;0;0;0;0;0;0;0;0;0;2
219;4;"BASTOS";"LAZIO";1;1;1;11.0;0;1;6.5;1;0;0;0;0;0;0;0;0;0;0;0;1;1;1;0;9
220;4;"BENATIA Medhi";"JUVENTUS";1;1;0;0.0;0;0;0.0;0;0;0;0;0;0;0;0;0;0;0;0;0;0;0;0;13
221;4;"BERESZYNSKI Bartosz";"SAMPDORIA";1;1;1;6.0;0;1;6.0;0;0;0;0;0;0;0;0;0;0;0;0;1;0;1;0;6
222;4;"BIANCHETTI Matteo";"VERONA";1;1;0;0.0;0;0;0.0;0;0;0;0;0;0;0;0;0;0;0;0;0;0;0;0;4
223;4;"BIRASCHI Davide";"GENOA";1;1;0;0.0;0;0;0.0;0;0;0;0;0;0;0;0;0;0;0;0;0;0;0;0;4
224;4;"BOCCAFOGLIA Giacomo";"SPAL";1;1;0;0.0;0;0;0.0;0;0;0;0;0;0;0;0;0;0;0;0;0;0;0;0;1
225;4;"BOCHNIEWICZ Pawel";"UDINESE";1;1;0;0.0;0;0;0.0;0;0;0;0;0;0;0;0;0;0;0;0;0;0;0;0;1
226;4;"BONIFAZI Kevin";"TORINO";1;1;0;0.0;0;0;0.0;0;0;0;0;0;0;0;0;0;0;0;0;0;0;0;0;5
227;4;"BONUCCI Leonardo";"MILAN";1;1;1;6.0;0;1;6.0;0;0;0;0;0;0;0;0;0;0;0;0;1;1;1;0;16
228;4;"BRIGNANI Fabrizio";"BOLOGNA";1;1;0;0.0;0;0;0.0;0;0;0;0;0;0;0;0;0;0;0;0;0;0;0;0;1
230;4;"CABRERA Leandro";"CROTONE";1;1;1;5.5;0;1;5.5;0;0;0;0;0;0;0;0;0;0;0;0;1;0;1;0;4
231;4;"CACCIATORE Fabrizio";"CHIEVO";1;1;1;6.5;0;1;6.5;0;0;0;0;0;0;0;0;0;0;0;0;1;1;1;0;8
232;4;"CALABRIA Davide";"MILAN";1;1;1;7.5;0;1;6.5;0;0;0;0;1;0;0;0;0;0;0;0;1;1;1;0;4
233;4;"CALDARA Mattia";"ATALANTA";1;1;1;5.5;0;1;5.5;0;0;0;0;0;0;0;0;0;0;0;0;1;1;1;0;20
235;4;"CANNAVARO Paolo";"SASSUOLO";1;1;1;6.0;0;1;6.0;0;0;0;0;0;0;0;0;0;0;0;0;1;1;1;0;7
236;4;"CAPONE Marco";"TORINO";1;1;0;0.0;0;0;0.0;0;0;0;0;0;0;0;0;0;0;0;0;0;0;0;0;1
237;4;"CAPUANO Marco";"CAGLIARI";1;1;1;6.0;0;1;6.5;0;0;0;0;0;1;0;0;0;0;0;0;1;1;1;0;5
238;4;"CARACCIOLO Antonio";"VERONA";1;1;0;0.0;0;0;0.0;0;0;0;0;0;0;0;0;0;0;0;0;0;0;0;0;4
239;4;"CASTAGNE Timothy";"ATALANTA";1;1;1;5.5;0;1;5.5;0;0;0;0;0;0;0;0;0;0;0;0;1;1;1;0;5
240;4;"CASTAN Leandro";"ROMA";1;1;0;0.0;0;0;0.0;0;0;0;0;0;0;0;0;0;0;0;0;0;0;0;0;4
241;4;"CECCHERINI Federico";"CROTONE";1;1;1;5.5;0;1;5.5;0;0;0;0;0;0;0;0;0;0;0;0;1;1;1;0;4
242;4;"CEPPITELLI Luca";"CAGLIARI";1;1;1;6.0;0;1;6.0;0;0;0;0;0;0;0;0;0;0;0;0;1;1;1;0;4
243;4;"CESAR Bostjan";"CHIEVO";1;1;1;5.5;0;1;6.0;0;0;0;0;0;1;0;0;0;0;0;0;1;1;1;0;4
244;4;"CHERUBIN Nicolo'";"VERONA";1;1;0;0.0;0;0;0.0;0;0;0;0;0;0;0;0;0;0;0;0;0;0;0;0;2
245;4;"CHIELLINI Giorgio";"JUVENTUS";1;1;1;6.0;0;1;6.0;0;0;0;0;0;0;0;0;0;0;0;0;1;1;1;0;16
246;4;"CHIRICHES Vlad";"NAPOLI";1;1;0;0.0;0;0;0.0;0;0;0;0;0;0;0;0;0;0;0;0;0;0;0;0;4
247;4;"CONTI Andrea";"MILAN";1;1;0;0.0;0;0;0.0;0;0;0;0;0;0;0;0;0;0;0;0;0;0;0;0;22
248;4;"COSTA Andrea";"BENEVENTO";1;1;0;0.0;0;0;0.0;0;0;0;0;0;0;0;0;0;0;0;0;0;0;0;0;5
249;4;"COSTA Filippo";"SPAL";1;1;1;5.0;0;1;5.0;0;0;0;0;0;0;0;0;0;0;0;0;1;1;1;0;6
250;4;"CREMONESI Michele";"SPAL";1;1;0;0.0;0;0;0.0;0;0;0;0;0;0;0;0;0;0;0;0;0;0;0;0;4
251;4;"CUOMO Giuseppe";"CROTONE";1;1;0;0.0;0;0;0.0;0;0;0;0;0;0;0;0;0;0;0;0;0;0;0;0;1
252;4;"DAINELLI Dario";"CHIEVO";1;1;0;0.0;0;0;0.0;0;0;0;0;0;0;0;0;0;0;0;0;0;0;0;0;5
253;4;"D'AMBROSIO Danilo";"INTER";1;1;1;5.5;0;1;5.5;0;0;0;0;0;0;0;0;0;0;0;0;1;1;1;0;10
254;4;"DANILO Larangeira";"UDINESE";1;1;1;5.0;0;1;5.0;0;0;0;0;0;0;0;0;0;0;0;0;1;1;1;0;7
255;4;"DE MAIO Sebastian";"BOLOGNA";1;1;0;0.0;0;0;0.0;0;0;0;0;0;0;0;0;0;0;0;0;0;0;0;0;4
256;4;"DE SCIGLIO Mattia";"JUVENTUS";1;1;0;0.0;0;0;0.0;0;0;0;0;0;0;0;0;0;0;0;0;0;0;0;0;6
257;4;"DE SILVESTRI Lorenzo";"TORINO";1;1;1;5.0;0;1;5.5;0;0;0;0;0;1;0;0;0;0;0;0;1;1;1;0;6
258;4;"DE VRIJ Stefan";"LAZIO";1;1;1;5.5;0;1;6.0;0;0;0;0;0;1;0;0;0;0;0;0;1;1;1;0;15
260;4;"DELL'ORCO Cristian";"SASSUOLO";1;1;0;0.0;0;0;0.0;0;0;0;0;0;0;0;0;0;0;0;0;0;0;0;0;2
261;4;"DEPAOLI Fabio";"CHIEVO";1;1;1;6.0;0;1;6.0;0;0;0;0;0;0;0;0;0;0;0;0;1;0;1;0;4
262;4;"DI CHIARA Gianluca";"BENEVENTO";1;1;1;5.0;0;1;5.0;0;0;0;0;0;0;0;0;0;0;0;0;1;1;1;0;6
263;4;"DJIMSITI Berat";"BENEVENTO";1;1;0;0.0;0;0;0.0;0;0;0;0;0;0;0;0;0;0;0;0;0;0;0;0;3
264;4;"DODO'";"SAMPDORIA";1;1;0;0.0;0;0;0.0;0;0;0;0;0;0;0;0;0;0;0;0;0;0;0;0;4
268;4;"EMERSON Palmieri Dos Santos";"ROMA";1;1;0;0.0;0;0;0.0;0;0;0;0;0;0;0;0;0;0;0;0;0;0;0;0;9
271;4;"FARAONI Davide";"CROTONE";1;1;1;5.5;0;1;5.5;0;0;0;0;0;0;0;0;0;0;0;0;1;0;1;0;4
272;4;"FAZIO Federico";"ROMA";1;1;1;6.0;0;1;6.0;0;0;0;0;0;0;0;0;0;0;0;0;1;1;1;0;10
273;4;"FELICIOLI Gian Filippo";"VERONA";1;1;0;0.0;0;0;0.0;0;0;0;0;0;0;0;0;0;0;0;0;0;0;0;0;2
274;4;"FELIPE";"SPAL";1;1;0;0.0;0;0;0.0;0;0;0;0;0;0;0;0;0;0;0;0;0;0;0;0;5
275;4;"FERRARI Gianmarco";"SAMPDORIA";1;1;0;0.0;0;0;0.0;0;0;0;0;0;0;0;0;0;0;0;0;0;0;0;0;5
276;4;"FERRARI Alex";"VERONA";1;1;1;4.5;0;1;4.5;0;0;0;0;0;0;0;0;0;0;0;0;1;1;1;0;3
278;4;"FLORENZI Alessandro";"ROMA";1;1;1;8.0;0;1;7.0;0;0;0;0;1;0;0;0;0;0;0;0;1;1;1;0;17
279;4;"GABBIA Matteo";"MILAN";1;1;0;0.0;0;0;0.0;0;0;0;0;0;0;0;0;0;0;0;0;0;0;0;0;1
280;4;"GAMBERINI Alessandro";"CHIEVO";1;1;1;5.5;0;1;5.5;0;0;0;0;0;0;0;0;0;0;0;0;1;0;1;0;6
281;4;"GASPAR Bruno";"FIORENTINA";1;1;1;6.0;0;1;6.0;0;0;0;0;0;0;0;0;0;0;0;0;1;1;1;0;8
284;4;"GAZZOLA Marcello";"SASSUOLO";1;1;0;0.0;0;0;0.0;0;0;0;0;0;0;0;0;0;0;0;0;0;0;0;0;4
285;4;"GENTILETTI Santiago";"GENOA";1;1;1;4.0;0;1;4.0;0;0;0;0;0;0;0;0;0;0;0;0;1;0;1;0;4
286;4;"GHOULAM Faouzi";"NAPOLI";1;1;1;9.5;0;1;7.5;0;0;0;0;2;0;0;0;0;0;0;0;1;1;1;0;16
287;4;"GOBBI Massimo";"CHIEVO";1;1;1;5.5;0;1;5.5;0;0;0;0;0;0;0;0;0;0;0;0;1;1;1;0;5
288;4;"GOMEZ Gustavo";"MILAN";1;1;0;0.0;0;0;0.0;0;0;0;0;0;0;0;0;0;0;0;0;0;0;0;0;3
289;4;"GONZALEZ Giancarlo";"BOLOGNA";1;1;1;6.0;0;1;6.0;0;0;0;0;0;0;0;0;0;0;0;0;1;1;1;0;5
290;4;"GOSENS Robin";"ATALANTA";1;1;0;0.0;0;0;0.0;0;0;0;0;0;0;0;0;0;0;0;0;0;0;0;0;4
291;4;"GRAVILLON Andrew";"BENEVENTO";1;1;0;0.0;0;0;0.0;0;0;0;0;0;0;0;0;0;0;0;0;0;0;0;0;2
292;4;"GYAMFI Bright";"BENEVENTO";1;1;0;0.0;0;0;0.0;0;0;0;0;0;0;0;0;0;0;0;0;0;0;0;0;2
293;4;"HATEBOER Hans";"ATALANTA";1;1;1;6.0;0;1;6.0;0;0;0;0;0;0;0;0;0;0;0;0;1;1;1;0;5
294;4;"HELANDER Filip";"BOLOGNA";1;1;1;5.0;0;1;5.5;0;0;0;0;0;1;0;0;0;0;0;0;1;1;1;0;3
295;4;"HEURTAUX Thomas";"VERONA";1;1;1;5.0;0;1;5.0;0;0;0;0;0;0;0;0;0;0;0;0;1;1;1;0;5
297;4;"HRISTOV Petko";"FIORENTINA";1;1;0;0.0;0;0;0.0;0;0;0;0;0;0;0;0;0;0;0;0;0;0;0;0;1
298;4;"HYSAJ Elseid";"NAPOLI";1;1;1;6.5;0;1;6.5;0;0;0;0;0;0;0;0;0;0;0;0;1;1;1;0;8
299;4;"ILLANES Julian";"FIORENTINA";1;1;0;0.0;0;0;0.0;0;0;0;0;0;0;0;0;0;0;0;0;0;0;0;0;1
300;4;"IZZO Armando";"GENOA";1;1;0;0.0;0;0;0.0;0;0;0;0;0;0;0;0;0;0;0;0;0;0;0;0;6
301;4;"JAROSZYNSKI Pawel";"CHIEVO";1;1;0;0.0;0;0;0.0;0;0;0;0;0;0;0;0;0;0;0;0;0;0;0;0;4
302;4;"JUAN Jesus";"ROMA";1;1;0;0.0;0;0;0.0;0;0;0;0;0;0;0;0;0;0;0;0;0;0;0;0;4
303;4;"KARSDORP Rick";"ROMA";1;1;0;0.0;0;0;0.0;0;0;0;0;0;0;0;0;0;0;0;0;0;0;0;0;7
304;4;"KOULIBALY Kalidou";"NAPOLI";1;1;1;6.0;0;1;6.0;0;0;0;0;0;0;0;0;0;0;0;0;1;1;1;0;16
305;4;"KRAFTH Emil";"BOLOGNA";1;1;1;4.5;0;1;4.5;0;0;0;0;0;0;0;0;0;0;0;0;1;1;1;0;3
307;4;"LETIZIA Gaetano";"BENEVENTO";1;1;1;4.0;0;1;4.5;0;0;0;0;0;1;0;0;0;0;0;0;1;0;1;0;4
308;4;"LETSCHERT Timo";"SASSUOLO";1;1;1;5.0;0;1;5.0;0;0;0;0;0;0;0;0;0;0;0;0;1;1;1;0;4
310;4;"LICHTSTEINER Stephan";"JUVENTUS";1;1;1;5.5;0;1;5.5;0;0;0;0;0;0;0;0;0;0;0;0;1;1;1;0;11
311;4;"LIROLA Pol";"SASSUOLO";1;1;1;5.0;0;1;5.0;0;0;0;0;0;0;0;0;0;0;0;0;1;1;1;0;6
313;4;"LUCIONI Fabio";"BENEVENTO";1;1;1;4.5;0;1;4.5;0;0;0;0;0;0;0;0;0;0;0;0;1;1;1;0;5
314;4;"LUIZ FELIPE Ramos Marchi";"LAZIO";1;1;0;0.0;0;0;0.0;0;0;0;0;0;0;0;0;0;0;0;0;0;0;0;0;2
315;4;"LUKAKU Jordan";"LAZIO";1;1;1;7.0;0;1;6.0;0;0;0;0;1;0;0;0;0;0;0;0;1;0;1;0;7
316;4;"LYANCO";"TORINO";1;1;0;0.0;0;0;0.0;0;0;0;0;0;0;0;0;0;0;0;0;0;0;0;0;4
317;4;"MAGGIO Christian";"NAPOLI";1;1;0;0.0;0;0;0.0;0;0;0;0;0;0;0;0;0;0;0;0;0;0;0;0;3
318;4;"MAIETTA Domenico";"BOLOGNA";1;1;0;0.0;0;0;0.0;0;0;0;0;0;0;0;0;0;0;0;0;0;0;0;0;5
319;4;"MAKSIMOVIC Nikola";"NAPOLI";1;1;0;0.0;0;0;0.0;0;0;0;0;0;0;0;0;0;0;0;0;0;0;0;0;4
320;4;"MANCINI Gianluca";"ATALANTA";1;1;0;0.0;0;0;0.0;0;0;0;0;0;0;0;0;0;0;0;0;0;0;0;0;3
321;4;"MANOLAS Konstantinos";"ROMA";1;1;1;6.5;0;1;6.5;0;0;0;0;0;0;0;0;0;0;0;0;1;1;1;0;15
323;4;"MARTELLA Bruno";"CROTONE";1;1;1;7.0;0;1;7.0;0;0;0;0;0;0;0;0;0;0;0;0;1;1;1;0;7
324;4;"MARUSIC Adam";"LAZIO";1;1;1;6.0;0;1;6.0;0;0;0;0;0;0;0;0;0;0;0;0;1;0;1;0;6
325;4;"MASIELLO Andrea";"ATALANTA";1;1;1;7.0;0;1;7.0;0;0;0;0;0;0;0;0;0;0;0;0;1;1;1;0;12
326;4;"MASINA Adam";"BOLOGNA";1;1;1;5.5;0;1;5.5;0;0;0;0;0;0;0;0;0;0;0;0;1;1;1;0;6
327;4;"MATTIELLO Federico";"SPAL";1;1;0;0.0;0;0;0.0;0;0;0;0;0;0;0;0;0;0;0;0;1;0;0;0;4
328;4;"MBAYE Ibrahima";"BOLOGNA";1;1;1;5.5;0;1;5.5;0;0;0;0;0;0;0;0;0;0;0;0;1;0;0;0;3
330;4;"MIANGUE Senna";"CAGLIARI";1;1;0;0.0;0;0;0.0;0;0;0;0;0;0;0;0;0;0;0;0;0;0;0;0;4
331;4;"MILENKOVIC Nikola";"FIORENTINA";1;1;0;0.0;0;0;0.0;0;0;0;0;0;0;0;0;0;0;0;0;0;0;0;0;4
333;4;"MIRANDA Joao";"INTER";1;1;1;5.0;0;1;5.5;0;0;0;0;0;1;0;0;0;0;0;0;1;1;1;0;13
334;4;"MOLINARO Cristian";"TORINO";1;1;0;0.0;0;0;0.0;0;0;0;0;0;0;0;0;0;0;0;0;0;0;0;0;5
335;4;"MORENO Hector";"ROMA";1;1;0;0.0;0;0;0.0;0;0;0;0;0;0;0;0;0;0;0;0;1;0;0;0;11
336;4;"MORETTI Emiliano";"TORINO";1;1;1;4.5;0;1;5.0;0;0;0;0;0;1;0;0;0;0;0;0;1;1;1;0;8
339;4;"MURRU Nicola";"SAMPDORIA";1;1;1;6.0;0;1;6.0;0;0;0;0;0;0;0;0;0;0;0;0;1;0;1;0;6
340;4;"MUSACCHIO Mateo";"MILAN";1;1;1;6.5;0;1;6.5;0;0;0;0;0;0;0;0;0;0;0;0;1;1;1;0;11
342;4;"NAGATOMO Yuto";"INTER";1;1;1;6.0;0;1;6.0;0;0;0;0;0;0;0;0;0;0;0;0;1;0;1;0;3
344;4;"NURA Abdullahi";"ROMA";1;1;0;0.0;0;0;0.0;0;0;0;0;0;0;0;0;0;0;0;0;0;0;0;0;1
345;4;"OIKONOMOU Marios";"SPAL";1;1;0;0.0;0;0;0.0;0;0;0;0;0;0;0;0;0;0;0;0;0;0;0;0;5
346;4;"OLIVERA Maxi";"FIORENTINA";1;1;0;0.0;0;0;0.0;0;0;0;0;0;0;0;0;0;0;0;0;0;0;0;0;4
348;4;"PALETTA Gabriel Alejandro";"MILAN";1;1;0;0.0;0;0;0.0;0;0;0;0;0;0;0;0;0;0;0;0;0;0;0;0;5
349;4;"PALOMINO Jose' Luis";"ATALANTA";1;1;1;6.0;0;1;6.0;0;0;0;0;0;0;0;0;0;0;0;0;1;1;1;0;6
350;4;"PATRIC";"LAZIO";1;1;0;0.0;0;0;0.0;0;0;0;0;0;0;0;0;0;0;0;0;0;0;0;0;4
351;4;"PAVLOVIC Daniel";"CROTONE";1;1;0;0.0;0;0;0.0;0;0;0;0;0;0;0;0;0;0;0;0;0;0;0;0;4
352;4;"PELUSO Federico";"SASSUOLO";1;1;0;0.0;0;0;0.0;0;0;0;0;0;0;0;0;0;0;0;0;0;0;0;0;6
353;4;"PERES Bruno";"ROMA";1;1;0;0.0;0;0;0.0;0;0;0;0;0;0;0;0;0;0;0;0;0;0;0;0;8
354;4;"PEZZELLA Giuseppe";"UDINESE";1;1;0;0.0;0;0;0.0;0;0;0;0;0;0;0;0;0;0;0;0;0;0;0;0;4
355;4;"PISACANE Fabio";"CAGLIARI";1;1;1;6.0;0;1;6.0;0;0;0;0;0;0;0;0;0;0;0;0;1;1;1;0;8
357;4;"RADU Stefan";"LAZIO";1;1;1;6.0;0;1;6.0;0;0;0;0;0;0;0;0;0;0;0;0;1;1;1;0;8
358;4;"RANOCCHIA Andrea";"INTER";1;1;0;0.0;0;0;0.0;0;0;0;0;0;0;0;0;0;0;0;0;1;0;0;0;4
359;4;"REGINI Vasco";"SAMPDORIA";1;1;1;6.0;0;1;6.0;0;0;0;0;0;0;0;0;0;0;0;0;1;1;1;0;7
361;4;"RODRIGUEZ Ricardo";"MILAN";1;1;1;7.0;0;1;7.0;0;0;0;0;0;0;0;0;0;0;0;0;1;1;1;0;16
362;4;"ROMAGNA Filippo";"CAGLIARI";1;1;0;0.0;0;0;0.0;0;0;0;0;0;0;0;0;0;0;0;0;1;0;0;0;3
363;4;"ROMAGNOLI Alessio";"MILAN";1;1;1;4.0;0;1;4.5;0;0;0;0;0;1;0;0;0;0;0;0;1;1;1;0;10
364;4;"ROMULO";"VERONA";1;1;1;6.0;0;1;6.0;0;0;0;0;0;0;0;0;0;0;0;0;1;1;1;0;10
365;4;"ROSI Aleandro";"GENOA";1;1;1;5.5;0;1;6.0;0;0;0;0;0;1;0;0;0;0;0;0;1;1;1;0;4
366;4;"ROSSETTINI Luca";"GENOA";1;1;1;5.0;0;1;5.0;0;0;0;0;0;0;0;0;0;0;0;0;1;1;1;0;4
367;4;"RUGANI Daniele";"JUVENTUS";1;1;1;6.0;0;1;6.0;0;0;0;0;0;0;0;0;0;0;0;0;1;1;1;0;9
368;4;"MARIO RUI Silva Duarte";"NAPOLI";1;1;0;0.0;0;0;0.0;0;0;0;0;0;0;0;0;0;0;0;0;0;0;0;0;5
369;4;"SALA Jacopo";"SAMPDORIA";1;1;1;5.0;0;1;5.0;0;0;0;0;0;0;0;0;0;0;0;0;1;1;1;0;4
370;4;"SALAMON Bartosz";"SPAL";1;1;1;5.5;0;1;5.5;0;0;0;0;0;0;0;0;0;0;0;0;1;1;1;0;4
371;4;"SAMIR";"UDINESE";1;1;1;4.5;0;1;5.0;0;0;0;0;0;1;0;0;0;0;0;0;1;1;1;0;5
372;4;"SAMPIRISI Mario";"CROTONE";1;1;1;6.0;0;1;6.0;0;0;0;0;0;0;0;0;0;0;0;0;1;1;1;0;5
373;4;"SANTON Davide";"INTER";1;1;0;0.0;0;0;0.0;0;0;0;0;0;0;0;0;0;0;0;0;0;0;0;0;3
375;4;"SILVESTRE Matias";"SAMPDORIA";1;1;1;6.0;0;1;6.0;0;0;0;0;0;0;0;0;0;0;0;0;1;1;1;0;9
377;4;"SKRINIAR Milan";"INTER";1;1;1;11.0;0;1;6.5;1;0;1;0;0;0;0;0;0;0;0;0;1;1;1;0;12
378;4;"SOUPRAYEN Samuel";"VERONA";1;1;1;3.0;0;1;4.0;0;0;0;0;0;0;1;0;0;0;0;0;1;1;1;0;2
379;4;"SPOLLI Nicolas";"GENOA";1;1;1;5.0;0;1;5.0;0;0;0;0;0;0;0;0;0;0;0;0;1;1;1;0;4
380;4;"STRINIC Ivan";"SAMPDORIA";1;1;1;7.0;0;1;6.5;0;0;0;0;1;1;0;0;0;0;0;0;1;1;1;0;5
381;4;"TOLOI Rafael";"ATALANTA";1;1;0;0.0;0;0;0.0;0;0;0;0;0;0;0;0;0;0;0;0;0;0;0;0;9
382;4;"TOMIC Michal";"SAMPDORIA";1;1;0;0.0;0;0;0.0;0;0;0;0;0;0;0;0;0;0;0;0;0;0;0;0;1
383;4;"TOMOVIC Nenad";"CHIEVO";1;1;1;5.0;0;1;5.0;0;0;0;0;0;0;0;0;0;0;0;0;1;1;1;0;4
384;4;"TONELLI Lorenzo";"NAPOLI";1;1;0;0.0;0;0;0.0;0;0;0;0;0;0;0;0;0;0;0;0;0;0;0;0;5
385;4;"TOROSIDIS Vasilios";"BOLOGNA";1;1;0;0.0;0;0;0.0;0;0;0;0;0;0;0;0;0;0;0;0;0;0;0;0;4
387;4;"VANHEUSDEN Zinho";"INTER";1;1;0;0.0;0;0;0.0;0;0;0;0;0;0;0;0;0;0;0;0;0;0;0;0;1
388;4;"VENUTI Lorenzo";"BENEVENTO";1;1;1;4.5;0;1;4.5;0;0;0;0;0;0;0;0;0;0;0;0;1;1;1;0;4
389;4;"VICARI Francesco";"SPAL";1;1;1;5.5;0;1;5.5;0;0;0;0;0;0;0;0;0;0;0;0;1;1;1;0;5
390;4;"VITOR HUGO";"FIORENTINA";1;1;0;0.0;0;0;0.0;0;0;0;0;0;0;0;0;0;0;0;0;1;0;0;0;8
392;4;"WALLACE ";"LAZIO";1;1;0;0.0;0;0;0.0;0;0;0;0;0;0;0;0;0;0;0;0;0;0;0;0;6
393;4;"WIDMER Silvan";"UDINESE";1;1;0;0.0;0;0;0.0;0;0;0;0;0;0;0;0;0;0;0;0;0;0;0;0;8
394;4;"ZAPATA Cristian";"MILAN";1;1;0;0.0;0;0;0.0;0;0;0;0;0;0;0;0;0;0;0;0;0;0;0;0;4
396;4;"ZUKANOVIC Ervin";"GENOA";1;1;1;7.5;0;1;6.5;0;0;0;0;1;0;0;0;0;0;0;0;1;1;1;0;7
397;4;"VAISANEN Sauli";"SPAL";1;1;1;5.5;0;1;5.5;0;0;0;0;0;0;0;0;0;0;0;0;1;1;1;0;5
398;4;"KOLAROV Aleksandar";"ROMA";1;1;1;7.5;0;1;6.5;0;0;0;0;1;0;0;0;0;0;0;0;1;1;1;0;15
399;4;"KONATE Pa";"SPAL";1;1;0;0.0;0;0;0.0;0;0;0;0;0;0;0;0;0;0;0;0;0;0;0;0;4
400;4;"GOLDANIGA Edoardo";"SASSUOLO";1;1;0;0.0;0;0;0.0;0;0;0;0;0;0;0;0;0;0;0;0;0;0;0;0;4
401;4;"NUYTINCK Bram";"UDINESE";1;1;1;5.5;0;1;5.5;0;0;0;0;0;0;0;0;0;0;0;0;1;1;1;0;8
402;4;"AJETI Arlind";"CROTONE";1;1;1;7.0;0;1;7.0;0;0;0;0;0;0;0;0;0;0;0;0;1;1;1;0;6
403;4;"CACERES Martin";"VERONA";1;1;1;5.5;0;1;5.5;0;0;0;0;0;0;0;0;0;0;0;0;1;1;1;0;9
404;4;"N'KOULOU Nicolas";"TORINO";1;1;1;6.5;0;1;6.5;0;0;0;0;0;0;0;0;0;0;0;0;1;1;1;0;10
405;4;"DALBERT Henrique";"INTER";1;1;1;5.5;0;1;5.5;0;0;0;0;0;0;0;0;0;0;0;0;1;1;1;0;10
407;4;"RANIERI Luca";"FIORENTINA";1;1;0;0.0;0;0;0.0;0;0;0;0;0;0;0;0;0;0;0;0;0;0;0;0;1
408;4;"BIRAGHI Cristiano";"FIORENTINA";1;1;1;7.0;0;1;6.0;0;0;0;0;1;0;0;0;0;0;0;0;1;1;1;0;8
409;4;"MIGLIORE Luca";"GENOA";1;1;0;0.0;0;0;0.0;0;0;0;0;0;0;0;0;0;0;0;0;0;0;0;0;4
410;4;"BUBNJIC Igor";"UDINESE";1;1;0;0.0;0;0;0.0;0;0;0;0;0;0;0;0;0;0;0;0;0;0;0;0;2
412;4;"PEZZELLA German";"FIORENTINA";1;1;1;12.0;0;1;7.5;1;0;1;0;0;0;0;0;0;0;0;0;1;1;1;0;12
413;4;"CANCELO Joao";"INTER";1;1;0;0.0;0;0;0.0;0;0;0;0;0;0;0;0;0;0;0;0;0;0;0;0;13
414;4;"VAN DER WIEL Gregory";"CAGLIARI";1;1;0;0.0;0;0;0.0;0;0;0;0;0;0;0;0;0;0;0;0;0;0;0;0;6
415;4;"ROGERIO Oliveira da silva";"SASSUOLO";1;1;0;0.0;0;0;0.0;0;0;0;0;0;0;0;0;0;0;0;0;0;0;0;0;1
416;4;"LARSEN Jens";"UDINESE";1;1;1;5.5;0;1;5.5;0;0;0;0;0;0;0;0;0;0;0;0;1;1;1;0;5
417;4;"ANDERSEN Joachim";"SAMPDORIA";1;1;0;0.0;0;0;0.0;0;0;0;0;0;0;0;0;0;0;0;0;0;0;0;0;5
418;4;"LAURINI Vincent";"FIORENTINA";1;1;0;0.0;0;0;0.0;0;0;0;0;0;0;0;0;0;0;0;0;0;0;0;0;4
419;4;"DELLA GIOVANNA Fabio";"SPAL";1;1;0;0.0;0;0;0.0;0;0;0;0;0;0;0;0;0;0;0;0;0;0;0;0;1
420;4;"HOWEDES Benedikt";"JUVENTUS";1;1;0;0.0;0;0;0.0;0;0;0;0;0;0;0;0;0;0;0;0;0;0;0;0;9
421;4;"BURDISSO Nicolas";"TORINO";1;1;0;0.0;0;0;0.0;0;0;0;0;0;0;0;0;0;0;0;0;0;0;0;0;5
422;4;"KEITA Cheick";"BOLOGNA";1;1;0;0.0;0;0;0.0;0;0;0;0;0;0;0;0;0;0;0;0;0;0;0;0;4
423;4;"LAZAAR Achraf";"BENEVENTO";1;1;1;5.0;0;1;5.0;0;0;0;0;0;0;0;0;0;0;0;0;1;1;1;0;7
424;4;"SIMIC Stefan";"CROTONE";1;1;0;0.0;0;0;0.0;0;0;0;0;0;0;0;0;0;0;0;0;0;0;0;0;1
500;4;"ABUKAR Mohamed";"LAZIO";1;2;0;0.0;0;0;0.0;0;0;0;0;0;0;0;0;0;0;0;0;0;0;0;0;1
501;4;"ACQUAH Afriyie";"TORINO";1;2;0;0.0;0;0;0.0;0;0;0;0;0;0;0;0;0;0;0;0;0;0;0;0;7
503;4;"ALLAN Marques Loureiro";"NAPOLI";1;2;1;11.0;0;1;7.0;1;0;1;0;0;0;0;0;0;0;0;0;1;1;1;0;16
504;4;"ANTONINI LUI Matias";"CAGLIARI";1;2;0;0.0;0;0;0.0;0;0;0;0;0;0;0;0;0;0;0;0;0;0;0;0;1
506;4;"ARTIOLI Filippo";"SPAL";1;2;0;0.0;0;0;0.0;0;0;0;0;0;0;0;0;0;0;0;0;0;0;0;0;1
507;4;"BADELJ Milan";"FIORENTINA";1;2;1;6.0;0;1;6.5;0;0;0;0;0;1;0;0;0;0;0;0;1;1;1;0;11
509;4;"BALIC Andrija";"UDINESE";1;2;0;0.0;0;0;0.0;0;0;0;0;0;0;0;0;0;0;0;0;0;0;0;0;4
511;4;"BARAK Antonin";"UDINESE";1;2;1;5.5;0;1;6.0;0;0;0;0;0;1;0;0;0;0;0;0;1;1;1;0;7
512;4;"BARBERIS Andrea";"CROTONE";1;2;1;6.0;0;1;6.0;0;0;0;0;0;0;0;0;0;0;0;0;1;1;1;0;6
513;4;"BARELLA Nicolo'";"CAGLIARI";1;2;1;10.5;0;1;7.0;1;0;1;0;0;1;0;0;0;0;0;0;1;1;1;0;12
514;4;"BARRETO Edgar Osvaldo";"SAMPDORIA";1;2;1;6.0;0;1;6.0;0;0;0;0;0;0;0;0;0;0;0;0;1;1;1;0;8
515;4;"BASELLI Daniele";"TORINO";1;2;1;10.5;0;1;6.5;1;0;0;0;0;0;0;0;0;0;0;0;1;1;1;0;15
516;4;"BASTIEN Samuel";"CHIEVO";1;2;1;10.0;0;1;6.5;1;0;0;0;0;1;0;0;0;0;0;0;1;1;1;0;6
518;4;"BENASSI Marco";"FIORENTINA";1;2;1;5.5;0;1;5.5;0;0;0;0;0;0;0;0;0;0;0;0;1;1;1;0;13
519;4;"BENTANCUR Rodrigo";"JUVENTUS";1;2;0;0.0;0;0;0.0;0;0;0;0;0;0;0;0;0;0;0;0;0;0;0;0;5
520;4;"BERTOLACCI Andrea";"GENOA";1;2;0;0.0;0;0;0.0;0;0;0;0;0;0;0;0;0;0;0;0;0;0;0;0;8
521;4;"BIGLIA Lucas Rodrigo";"MILAN";1;2;1;7.0;0;1;7.0;0;0;0;0;0;0;0;0;0;0;0;0;1;1;1;0;14
522;4;"BIONDINI Davide";"SASSUOLO";1;2;0;0.0;0;0;0.0;0;0;0;0;0;0;0;0;0;0;0;0;0;0;0;0;4
523;4;"BROZOVIC Marcelo";"INTER";1;2;0;0.0;0;0;0.0;0;0;0;0;0;0;0;0;0;0;0;0;0;0;0;0;10
524;4;"CAPEZZI Leonardo";"SAMPDORIA";1;2;0;0.0;0;0;0.0;0;0;0;0;0;0;0;0;0;0;0;0;0;0;0;0;4
525;4;"CASSATA Francesco";"SASSUOLO";1;2;0;0.0;0;0;0.0;0;0;0;0;0;0;0;0;0;0;0;0;0;0;0;0;3
526;4;"CASTRO Lucas";"CHIEVO";1;2;1;7.0;0;1;7.0;0;0;0;0;0;0;0;0;0;0;0;0;1;1;1;0;14
527;4;"CATALDI Danilo";"BENEVENTO";1;2;1;5.0;0;1;5.0;0;0;0;0;0;0;0;0;0;0;0;0;1;0;1;0;7
528;4;"CHIBSAH Raman";"BENEVENTO";1;2;1;5.0;0;1;5.0;0;0;0;0;0;0;0;0;0;0;0;0;1;1;1;0;6
529;4;"CIGARINI Luca";"CAGLIARI";1;2;1;7.0;0;1;7.0;0;0;0;0;0;0;0;0;0;0;0;0;1;1;1;0;8
530;4;"COFIE Isaac";"GENOA";1;2;1;5.5;0;1;5.5;0;0;0;0;0;0;0;0;0;0;0;0;1;1;1;0;3
532;4;"CRECCO Luca";"LAZIO";1;2;0;0.0;0;0;0.0;0;0;0;0;0;0;0;0;0;0;0;0;0;0;0;0;3
533;4;"CRISETIG Lorenzo";"BOLOGNA";1;2;0;0.0;0;0;0.0;0;0;0;0;0;0;0;0;0;0;0;0;0;0;0;0;4
534;4;"CRISTANTE Bryan";"ATALANTA";1;2;1;6.0;0;1;6.0;0;0;0;0;0;0;0;0;0;0;0;0;1;0;1;0;10
535;4;"CRISTOFORO Sebastian";"FIORENTINA";1;2;0;0.0;0;0;0.0;0;0;0;0;0;0;0;0;0;0;0;0;0;0;0;0;3
536;4;"CROCIATA Giovanni";"CROTONE";1;2;0;0.0;0;0;0.0;0;0;0;0;0;0;0;0;0;0;0;0;0;0;0;0;3
538;4;"DE ROSSI Daniele";"ROMA";1;2;1;6.0;0;1;6.5;0;0;0;0;0;1;0;0;0;0;0;0;1;1;1;0;13
539;4;"DEIOLA Alessandro";"CAGLIARI";1;2;0;0.0;0;0;0.0;0;0;0;0;0;0;0;0;0;0;0;0;0;0;0;0;3
540;4;"DEL PINTO Lorenzo";"BENEVENTO";1;2;0;0.0;0;0;0.0;0;0;0;0;0;0;0;0;0;0;0;0;0;0;0;0;2
541;4;"DESSENA Daniele";"CAGLIARI";1;2;0;0.0;0;0;0.0;0;0;0;0;0;0;0;0;0;0;0;0;0;0;0;0;5
542;4;"DI GENNARO Davide";"LAZIO";1;2;0;0.0;0;0;0.0;0;0;0;0;0;0;0;0;0;0;0;0;0;0;0;0;8
543;4;"DIAKHATE Abdou";"FIORENTINA";1;2;0;0.0;0;0;0.0;0;0;0;0;0;0;0;0;0;0;0;0;0;0;0;0;1
544;4;"DIAWARA Amadou";"NAPOLI";1;2;0;0.0;0;0;0.0;0;0;0;0;0;0;0;0;0;0;0;0;0;0;0;0;8
545;4;"DONSAH Godfred";"BOLOGNA";1;2;0;0.0;0;0;0.0;0;0;0;0;0;0;0;0;0;0;0;0;0;0;0;0;8
546;4;"DUNCAN Joseph Alfred";"SASSUOLO";1;2;1;5.5;0;1;5.5;0;0;0;0;0;0;0;0;0;0;0;0;1;0;1;0;10
549;4;"FARAGO' Paolo";"CAGLIARI";1;2;0;0.0;0;0;0.0;0;0;0;0;0;0;0;0;0;0;0;0;1;0;0;0;5
551;4;"FOFANA Seko";"UDINESE";1;2;1;6.5;0;1;6.5;0;0;0;0;0;0;0;0;0;0;0;0;1;0;1;0;12
552;4;"FOSSATI Marco Ezio";"VERONA";1;2;1;5.0;0;1;5.0;0;0;0;0;0;0;0;0;0;0;0;0;1;0;1;0;5
553;4;"FRATTESI Davide";"SASSUOLO";1;2;0;0.0;0;0;0.0;0;0;0;0;0;0;0;0;0;0;0;0;0;0;0;0;1
554;4;"FREULER Remo";"ATALANTA";1;2;1;5.5;0;1;5.5;0;0;0;0;0;0;0;0;0;0;0;0;1;1;1;0;12
555;4;"GAGLIARDINI Roberto";"INTER";1;2;1;5.0;0;1;5.0;0;0;0;0;0;0;0;0;0;0;0;0;1;1;1;0;11
556;4;"GAUDINO Gianluca";"CHIEVO";1;2;0;0.0;0;0;0.0;0;0;0;0;0;0;0;0;0;0;0;0;0;0;0;0;4
557;4;"GNOUKOURI Assane Demoya";"INTER";1;2;0;0.0;0;0;0.0;0;0;0;0;0;0;0;0;0;0;0;0;0;0;0;0;2
558;4;"GONALONS Maxime";"ROMA";1;2;0;0.0;0;0;0.0;0;0;0;0;0;0;0;0;0;0;0;0;0;0;0;0;7
559;4;"GUSTAFSON Samuel";"TORINO";1;2;1;5.5;0;1;5.5;0;0;0;0;0;0;0;0;0;0;0;0;1;0;1;0;3
560;4;"HAAS Nicolas";"ATALANTA";1;2;0;0.0;0;0;0.0;0;0;0;0;0;0;0;0;0;0;0;0;0;0;0;0;4
561;4;"HALLFREDSSON Emil";"UDINESE";1;2;0;0.0;0;0;0.0;0;0;0;0;0;0;0;0;0;0;0;0;0;0;0;0;6
562;4;"HAMSIK Marek";"NAPOLI";1;2;1;6.0;0;1;6.0;0;0;0;0;0;0;0;0;0;0;0;0;1;1;1;0;24
563;4;"HETEMAJ Perparim";"CHIEVO";1;2;1;6.5;0;1;6.5;0;0;0;0;0;0;0;0;0;0;0;0;1;1;1;0;6
565;4;"INGELSSON Svante";"UDINESE";1;2;0;0.0;0;0;0.0;0;0;0;0;0;0;0;0;0;0;0;0;0;0;0;0;3
566;4;"IONITA Artur";"CAGLIARI";1;2;1;6.0;0;1;6.0;0;0;0;0;0;0;0;0;0;0;0;0;1;1;1;0;11
568;4;"JANKTO Jakub";"UDINESE";1;2;1;5.0;0;1;5.0;0;0;0;0;0;0;0;0;0;0;0;0;1;1;1;0;14
569;4;"JOAO MARIO";"INTER";1;2;1;5.5;0;1;5.5;0;0;0;0;0;0;0;0;0;0;0;0;1;1;1;1;15
570;4;"JORGINHO Jorge Luiz Frello";"NAPOLI";1;2;1;6.0;0;1;6.0;0;0;0;0;0;0;0;0;0;0;0;0;1;1;1;0;11
571;4;"KESSIE' Franck";"MILAN";1;2;1;7.0;0;1;7.0;0;0;0;0;0;0;0;0;0;0;0;0;1;1;1;0;19
572;4;"KHEDIRA Sami";"JUVENTUS";1;2;0;0.0;0;0;0.0;0;0;0;0;0;0;0;0;0;0;0;0;0;0;0;0;16
575;4;"KRAGL Oliver";"CROTONE";1;2;0;0.0;0;0;0.0;0;0;0;0;0;0;0;0;0;0;0;0;0;0;0;0;6
576;4;"LANER Simon";"VERONA";1;2;0;0.0;0;0;0.0;0;0;0;0;0;0;0;0;0;0;0;0;0;0;0;0;1
577;4;"LAXALT Diego Sebastian Suzrez";"GENOA";1;2;1;6.0;0;1;6.0;0;0;0;0;0;0;0;0;0;0;0;0;1;1;1;0;10
578;4;"LAZOVIC Darko";"GENOA";1;2;0;0.0;0;0;0.0;0;0;0;0;0;0;0;0;0;0;0;0;0;0;0;0;8
579;4;"LAZZARI Manuel";"SPAL";1;2;1;6.5;0;1;6.5;0;0;0;0;0;0;0;0;0;0;0;0;1;1;1;0;11
580;4;"LEIVA Lucas";"LAZIO";1;2;1;5.5;0;1;5.5;0;0;0;0;0;0;0;0;0;0;0;0;1;1;1;0;6
582;4;"LINETTY Karol";"SAMPDORIA";1;2;0;0.0;0;0;0.0;0;0;0;0;0;0;0;0;0;0;0;0;1;0;0;0;10
583;4;"LOCATELLI Manuel";"MILAN";1;2;0;0.0;0;0;0.0;0;0;0;0;0;0;0;0;0;0;0;0;1;0;0;0;5
585;4;"LULIC Senad";"LAZIO";1;2;1;6.5;0;1;6.5;0;0;0;0;0;0;0;0;0;0;0;0;1;1;1;0;14
586;4;"MAGNANELLI Francesco";"SASSUOLO";1;2;1;6.0;0;1;6.0;0;0;0;0;0;0;0;0;0;0;0;0;1;1;1;0;7
587;4;"MANDRAGORA Rolando";"CROTONE";1;2;1;6.5;0;1;6.5;0;0;0;0;0;0;0;0;0;0;0;0;1;1;1;0;4
588;4;"MARCHISIO Claudio";"JUVENTUS";1;2;0;0.0;0;0;0.0;0;0;0;0;0;0;0;0;0;0;0;0;0;0;0;0;10
591;4;"MAURI Jose'";"MILAN";1;2;0;0.0;0;0;0.0;0;0;0;0;0;0;0;0;0;0;0;0;0;0;0;0;3
592;4;"MAZZITELLI Luca";"SASSUOLO";1;2;1;5.5;0;1;5.5;0;0;0;0;0;0;0;0;0;0;0;0;1;1;1;0;6
594;4;"MELARA Fabrizio";"BENEVENTO";1;2;0;0.0;0;0;0.0;0;0;0;0;0;0;0;0;0;0;0;0;0;0;0;0;3
595;4;"MELEGONI Filippo";"ATALANTA";1;2;0;0.0;0;0;0.0;0;0;0;0;0;0;0;0;0;0;0;0;0;0;0;0;2
596;4;"MILINKOVIC-SAVIC Sergej";"LAZIO";1;2;1;6.5;0;1;6.5;0;0;0;0;0;0;0;0;0;0;0;0;1;1;1;0;19
597;4;"MISSIROLI Simone";"SASSUOLO";1;2;0;0.0;0;0;0.0;0;0;0;0;0;0;0;0;0;0;0;0;0;0;0;0;7
598;4;"MONTOLIVO Riccardo";"MILAN";1;2;0;0.0;0;0;0.0;0;0;0;0;0;0;0;0;0;0;0;0;0;0;0;0;7
599;4;"MORA Luca";"SPAL";1;2;1;4.5;0;1;5.0;0;0;0;0;0;1;0;0;0;0;0;0;1;1;1;0;10
600;4;"MURGIA Alessandro";"LAZIO";1;2;1;6.0;0;1;6.0;0;0;0;0;0;0;0;0;0;0;0;0;1;1;1;0;5
601;4;"NAGY Adam";"BOLOGNA";1;2;0;0.0;0;0;0.0;0;0;0;0;0;0;0;0;0;0;0;0;0;0;0;0;4
602;4;"NAINGGOLAN Radja";"ROMA";1;2;1;11.0;0;1;7.0;1;0;1;0;0;0;0;0;0;0;0;0;1;1;1;0;26
603;4;"OBI Joel";"TORINO";1;2;0;0.0;0;0;0.0;0;0;0;0;0;0;0;0;0;0;0;0;0;0;0;0;6
604;4;"PADOIN Simone";"CAGLIARI";1;2;1;6.5;0;1;6.5;0;0;0;0;0;0;0;0;0;0;0;0;1;1;1;0;6
605;4;"PAROLO Marco";"LAZIO";1;2;0;0.0;0;0;0.0;0;0;0;0;0;0;0;0;0;0;0;0;0;0;0;0;15
606;4;"PELLEGRINI Lorenzo";"ROMA";1;2;1;7.0;0;1;7.0;0;0;0;0;0;0;0;0;0;0;0;0;1;1;1;0;12
608;4;"PJANIC Miralem";"JUVENTUS";1;2;1;7.0;0;1;7.0;0;0;0;0;0;0;0;0;0;0;0;0;1;1;1;0;23
609;4;"POLI Andrea";"BOLOGNA";1;2;1;5.5;0;1;5.5;0;0;0;0;0;0;0;0;0;0;0;0;1;1;1;0;5
610;4;"PONTISSO Simone";"UDINESE";1;2;0;0.0;0;0;0.0;0;0;0;0;0;0;0;0;0;0;0;0;0;0;0;0;1
611;4;"PRAET Dennis";"SAMPDORIA";1;2;1;6.5;0;1;6.5;0;0;0;0;0;0;0;0;0;0;0;0;1;1;1;0;8
612;4;"PULGAR Erick";"BOLOGNA";1;2;1;6.0;0;1;6.0;0;0;0;0;0;0;0;0;0;0;0;0;1;1;1;0;3
613;4;"RADOVANOVIC Ivan";"CHIEVO";1;2;1;6.5;0;1;6.5;0;0;0;0;0;0;0;0;0;0;0;0;1;1;1;0;8
614;4;"RIGONI Nicola";"CHIEVO";1;2;0;0.0;0;0;0.0;0;0;0;0;0;0;0;0;0;0;0;0;0;0;0;0;5
615;4;"RINCON Tomas";"TORINO";1;2;1;6.0;0;1;6.0;0;0;0;0;0;0;0;0;0;0;0;0;1;1;1;0;6
616;4;"RIZZO Luca";"SPAL";1;2;0;0.0;0;0;0.0;0;0;0;0;0;0;0;0;0;0;0;0;0;0;0;0;7
617;4;"ROG Marko";"NAPOLI";1;2;1;6.0;0;1;6.0;0;0;0;0;0;0;0;0;0;0;0;0;1;0;1;0;9
618;4;"ROHDEN Marcus";"CROTONE";1;2;1;5.5;0;1;5.5;0;0;0;0;0;0;0;0;0;0;0;0;1;1;1;0;7
619;4;"SANCHEZ Carlos";"FIORENTINA";1;2;0;0.0;0;0;0.0;0;0;0;0;0;0;0;0;0;0;0;0;0;0;0;0;5
621;4;"SCHIATTARELLA Pasquale";"SPAL";1;2;1;5.5;0;1;5.5;0;0;0;0;0;0;0;0;0;0;0;0;1;1;1;0;9
622;4;"SCHIAVON Eros";"SPAL";1;2;0;0.0;0;0;0.0;0;0;0;0;0;0;0;0;0;0;0;0;0;0;0;0;3
623;4;"SCHMIDT Joao";"ATALANTA";1;2;0;0.0;0;0;0.0;0;0;0;0;0;0;0;0;0;0;0;0;0;0;0;0;3
624;4;"SENSI Stefano";"SASSUOLO";1;2;1;6.0;0;1;6.0;0;0;0;0;0;0;0;0;0;0;0;0;1;1;1;0;9
626;4;"SPINAZZOLA Leonardo";"ATALANTA";1;2;0;0.0;0;0;0.0;0;0;0;0;0;0;0;0;0;0;0;0;0;0;0;0;10
627;4;"STROOTMAN Kevin";"ROMA";1;2;0;0.0;0;0;0.0;0;0;0;0;0;0;0;0;0;0;0;0;0;0;0;0;17
628;4;"STURARO Stefano";"JUVENTUS";1;2;0;0.0;0;0;0.0;0;0;0;0;0;0;0;0;0;0;0;0;0;0;0;0;5
629;4;"SULJIC Cazim";"CROTONE";1;2;0;0.0;0;0;0.0;0;0;0;0;0;0;0;0;0;0;0;0;0;0;0;0;1
630;4;"TAIDER Saphir";"BOLOGNA";1;2;1;7.0;0;1;6.0;0;0;0;0;1;0;0;0;0;0;0;0;1;1;1;0;9
631;4;"TETTEH Joseph";"CAGLIARI";1;2;0;0.0;0;0;0.0;0;0;0;0;0;0;0;0;0;0;0;0;0;0;0;0;1
632;4;"TORREIRA Lucas";"SAMPDORIA";1;2;1;6.5;0;1;6.5;0;0;0;0;0;0;0;0;0;0;0;0;1;1;1;0;8
633;4;"VALDIFIORI Mirko";"TORINO";1;2;0;0.0;0;0;0.0;0;0;0;0;0;0;0;0;0;0;0;0;0;0;0;0;4
634;4;"VECINO Matias";"INTER";1;2;1;6.0;0;1;6.0;0;0;0;0;0;0;0;0;0;0;0;0;1;0;1;0;15
635;4;"VELOSO Miguel";"GENOA";1;2;1;6.0;0;1;6.0;0;0;0;0;0;0;0;0;0;0;0;0;1;1;1;0;8
636;4;"VERRE Valerio";"SAMPDORIA";1;2;0;0.0;0;0;0.0;0;0;0;0;0;0;0;0;0;0;0;0;0;0;0;0;4
637;4;"VIOLA Nicolas";"BENEVENTO";1;2;1;4.5;0;1;4.5;0;0;0;0;0;0;0;0;0;0;0;0;1;1;1;0;5
638;4;"VIVIANI Federico";"SPAL";1;2;1;6.0;0;1;6.0;0;0;0;0;0;0;0;0;0;0;0;0;1;1;1;0;7
639;4;"ZACCAGNI Mattia";"VERONA";1;2;0;0.0;0;0;0.0;0;0;0;0;0;0;0;0;0;0;0;0;0;0;0;0;3
640;4;"ZIELINSKI Piotor";"NAPOLI";1;2;0;0.0;0;0;0.0;0;0;0;0;0;0;0;0;0;0;0;0;0;0;0;0;19
641;4;"ZUCULINI Bruno";"VERONA";1;2;1;5.0;0;1;5.0;0;0;0;0;0;0;0;0;0;0;0;0;1;1;1;0;5
642;4;"ZUCULINI Franco";"VERONA";1;2;0;0.0;0;0;0.0;0;0;0;0;0;0;0;0;0;0;0;0;0;0;0;0;4
643;4;"ALBERTO Luis";"LAZIO";1;2;1;6.5;0;1;7.0;0;0;0;0;0;1;0;0;0;0;0;0;1;1;1;1;11
644;4;"ALVAREZ Ricardo";"SAMPDORIA";1;2;0;0.0;0;0;0.0;0;0;0;0;0;0;0;0;0;0;0;0;0;0;0;1;8
645;4;"FELIPE ANDERSON Pereira Gomes";"LAZIO";1;2;0;0.0;0;0;0.0;0;0;0;0;0;0;0;0;0;0;0;0;0;0;0;1;16
647;4;"BERENGUER Alejandro";"TORINO";1;2;0;0.0;0;0;0.0;0;0;0;0;0;0;0;0;0;0;0;0;0;0;0;1;8
648;4;"BERNARDESCHI Federico";"JUVENTUS";1;2;0;0.0;0;0;0.0;0;0;0;0;0;1;0;0;0;0;0;0;1;0;0;1;20
649;4;"BESSA Daniel";"VERONA";1;2;1;5.5;0;1;5.5;0;0;0;0;0;0;0;0;0;0;0;0;1;1;1;1;10
651;4;"BIRSA Valter";"CHIEVO";1;2;1;6.0;0;1;6.0;0;0;0;0;0;0;0;0;0;0;0;0;1;1;1;1;18
652;4;"BONAVENTURA Giacomo";"MILAN";1;2;1;6.0;0;1;6.0;0;0;0;0;0;0;0;0;0;0;0;0;1;1;1;1;15
653;4;"CALHANOGLU Hakan";"MILAN";1;2;1;6.0;0;1;6.0;0;0;0;0;0;0;0;0;0;0;0;0;1;0;1;1;19
654;4;"CANDREVA Antonio";"INTER";1;2;1;4.5;0;1;5.0;0;0;0;0;0;1;0;0;0;0;0;0;1;1;1;1;17
655;4;"CHIESA Federico";"FIORENTINA";1;2;1;11.0;0;1;7.5;1;0;0;0;0;0;0;0;0;0;0;0;1;1;1;1;17
656;4;"CICIRETTI Amato";"BENEVENTO";1;2;0;0.0;0;0;0.0;0;0;0;0;0;0;0;0;0;0;0;0;0;0;0;1;14
657;4;"COSSU Andrea";"CAGLIARI";1;2;0;0.0;0;0;0.0;0;0;0;0;0;0;0;0;0;0;0;0;0;0;0;1;3
658;4;"COSTA Douglas";"JUVENTUS";1;2;0;0.0;0;0;0.0;0;0;0;0;0;0;0;0;0;0;0;0;1;0;0;1;20
659;4;"CUADRADO Juan";"JUVENTUS";1;2;1;7.5;0;1;6.5;0;0;0;0;1;0;0;0;0;0;0;0;1;1;1;1;18
660;4;"D'ALESSANDRO Marco";"BENEVENTO";1;2;0;0.0;0;0;0.0;0;0;0;0;0;0;0;0;0;0;0;0;0;0;0;1;9
661;4;"DE PAUL Rodrigo";"UDINESE";1;2;1;6.0;0;1;6.0;0;0;0;0;0;0;0;0;0;0;0;0;1;1;1;1;12
662;4;"DJURICIC Filip";"SAMPDORIA";1;2;0;0.0;0;0;0.0;0;0;0;0;0;0;0;0;0;0;0;0;0;0;0;1;6
663;4;"EWANDRO ";"UDINESE";1;2;0;0.0;0;0;0.0;0;0;0;0;0;0;0;0;0;0;0;0;0;0;0;1;3
665;4;"FALLETTI Cesar";"BOLOGNA";1;2;0;0.0;0;0;0.0;0;0;0;0;0;0;0;0;0;0;0;0;0;0;0;1;7
666;4;"FARES Mohamed";"VERONA";1;2;0;0.0;0;0;0.0;0;0;0;0;0;0;0;0;0;0;0;0;0;0;0;1;3
667;4;"GARRITANO Luca";"CHIEVO";1;2;0;0.0;0;0;0.0;0;0;0;0;0;0;0;0;0;0;0;0;0;0;0;1;5
668;4;"GERSON Santos da Silva";"ROMA";1;2;1;6.0;0;1;6.0;0;0;0;0;0;0;0;0;0;0;0;0;1;0;1;1;3
669;4;"GIACCHERINI Emanuele";"NAPOLI";1;2;1;6.5;0;1;6.5;0;0;0;0;0;0;0;0;0;0;0;0;1;0;1;1;7
670;4;"HAGI Ianis";"FIORENTINA";1;2;0;0.0;0;0;0.0;0;0;0;0;0;0;0;0;0;0;0;0;0;0;0;1;3
671;4;"IAGO Falque";"TORINO";1;2;1;6.0;0;1;6.0;0;0;0;0;0;0;0;0;0;0;0;0;1;1;1;1;26
672;4;"ILICIC Josip";"ATALANTA";1;2;1;6.0;0;1;6.0;0;0;0;0;0;0;0;0;0;0;0;0;1;1;1;1;17
673;4;"JOAO PEDRO";"CAGLIARI";1;2;1;10.0;0;1;7.0;1;0;0;0;0;1;0;0;0;0;0;0;1;1;1;1;20
674;4;"KREJCI Ladislav";"BOLOGNA";1;2;0;0.0;0;0;0.0;0;0;0;0;0;0;0;0;0;0;0;0;0;0;0;1;9
675;4;"KURTIC Jasmin";"ATALANTA";1;2;1;5.5;0;1;5.5;0;0;0;0;0;0;0;0;0;0;0;0;1;1;1;1;11
676;4;"LJAJIC Adem";"TORINO";1;2;1;7.0;0;1;6.0;0;0;0;0;1;0;0;0;0;0;0;0;1;1;1;1;27
677;4;"MALLE' Aly";"UDINESE";1;2;0;0.0;0;0;0.0;0;0;0;0;0;0;0;0;0;0;0;0;0;0;0;1;3
680;4;"NALINI Andrea";"CROTONE";1;2;0;0.0;0;0;0.0;0;0;0;0;0;0;0;0;0;0;0;0;0;0;0;1;6
682;4;"OIKONOMIDIS Christopher";"LAZIO";1;2;0;0.0;0;0;0.0;0;0;0;0;0;0;0;0;0;0;0;0;0;0;0;1;3
684;4;"PERISIC Ivan";"INTER";1;2;1;10.0;0;1;6.5;1;0;0;0;0;0;0;0;0;0;0;0;1;1;1;1;30
685;4;"PEROTTI Diego";"ROMA";1;2;0;0.0;0;0;0.0;0;0;0;0;0;0;0;0;0;0;0;0;0;0;0;1;21
686;4;"RIGONI Luca";"GENOA";1;2;0;0.0;0;0;0.0;0;0;0;0;0;0;0;0;0;0;0;0;0;0;0;1;10
687;4;"SAPONARA Riccardo";"FIORENTINA";1;2;0;0.0;0;0;0.0;0;0;0;0;0;0;0;0;0;0;0;0;0;0;0;1;13
688;4;"STOIAN Adrian";"CROTONE";1;2;1;6.0;0;1;6.0;0;0;0;0;0;0;0;0;0;0;0;0;1;1;1;1;8
689;4;"UNDER Cengiz";"ROMA";1;2;1;7.0;0;1;7.0;0;0;0;0;0;0;0;0;0;0;0;0;1;1;1;1;7
690;4;"VALENCIA Juan Manuel";"BOLOGNA";1;2;0;0.0;0;0;0.0;0;0;0;0;0;0;0;0;0;0;0;0;0;0;0;1;2
691;4;"BORJA VALERO Iglesias";"INTER";1;2;1;6.0;0;1;6.0;0;0;0;0;0;0;0;0;0;0;0;0;1;1;1;0;15
692;4;"VALOTI Mattia";"VERONA";1;2;1;4.5;0;1;5.0;0;0;0;0;0;1;0;0;0;0;0;0;1;1;1;1;5
693;4;"VIGNATO Emanuel";"CHIEVO";1;2;0;0.0;0;0;0.0;0;0;0;0;0;0;0;0;0;0;0;0;0;0;0;1;1
695;4;"ZEKHNINI Rafik";"FIORENTINA";1;2;0;0.0;0;0;0.0;0;0;0;0;0;0;0;0;0;0;0;0;0;0;0;1;4
697;4;"IZCO Mariano";"CROTONE";1;2;0;0.0;0;0;0.0;0;0;0;0;0;0;0;0;0;0;0;0;0;0;0;0;4
698;4;"BUCHEL Marcel";"VERONA";1;2;1;4.5;0;1;4.5;0;0;0;0;0;0;0;0;0;0;0;0;1;1;1;0;6
699;4;"VERETOUT Jordan";"FIORENTINA";1;2;1;5.5;0;1;5.5;0;0;0;0;0;0;0;0;0;0;0;0;1;1;1;0;13
700;4;"GRASSI Alberto";"SPAL";1;2;0;0.0;0;0;0.0;0;0;0;0;0;0;0;0;0;0;0;0;0;0;0;0;6
702;4;"OMEONGA Stephane";"GENOA";1;2;0;0.0;0;0;0.0;0;0;0;0;0;0;0;0;0;0;0;0;0;0;0;0;3
703;4;"CORLU Rezan";"ROMA";1;2;0;0.0;0;0;0.0;0;0;0;0;0;0;0;0;0;0;0;0;0;0;0;1;1
704;4;"RAMIREZ Gaston";"SAMPDORIA";1;2;1;6.0;0;1;6.0;0;0;0;0;0;0;0;0;0;0;0;0;1;1;1;1;15
705;4;"RODRIGUEZ Thomas";"GENOA";1;2;0;0.0;0;0;0.0;0;0;0;0;0;0;0;0;0;0;0;0;0;0;0;0;4
706;4;"EYSSERIC Valentin";"FIORENTINA";1;2;0;0.0;0;0;0.0;0;0;0;0;0;0;0;0;0;0;0;0;1;0;0;1;12
707;4;"DE ROON Marten";"ATALANTA";1;2;1;6.5;0;1;6.5;0;0;0;0;0;0;0;0;0;0;0;0;1;1;1;0;11
708;4;"BEARZOTTI Enrico";"VERONA";1;2;0;0.0;0;0;0.0;0;0;0;0;0;0;0;0;0;0;0;0;0;0;0;0;2
709;4;"GIL DIAS Bastiao";"FIORENTINA";1;2;1;6.5;0;1;6.5;0;0;0;0;0;0;0;0;0;0;0;0;1;0;1;1;11
710;4;"MATUIDI Blaise";"JUVENTUS";1;2;1;7.5;0;1;7.5;0;0;0;0;0;0;0;0;0;0;0;0;1;1;1;0;17
711;4;"BEHRAMI Valon";"UDINESE";1;2;1;5.0;0;1;5.0;0;0;0;0;0;0;0;0;0;0;0;0;1;1;1;0;8
712;4;"ZANELLATO Niccolo'";"MILAN";1;2;0;0.0;0;0;0.0;0;0;0;0;0;0;0;0;0;0;0;0;0;0;0;0;1
713;4;"BELLEMO Alessandro";"SPAL";1;2;0;0.0;0;0;0.0;0;0;0;0;0;0;0;0;0;0;0;0;0;0;0;0;1
714;4;"BRLEK Petar";"GENOA";1;2;1;5.0;0;1;5.0;0;0;0;0;0;0;0;0;0;0;0;0;1;0;1;0;6
715;4;"MEMUSHAJ Ledian";"BENEVENTO";1;2;0;0.0;0;0;0.0;0;0;0;0;0;0;0;0;0;0;0;0;0;0;0;0;6
716;4;"VITALE Mattia";"SPAL";1;2;0;0.0;0;0;0.0;0;0;0;0;0;0;0;0;0;0;0;0;0;0;0;0;3
717;4;"ROMERO Aristoteles";"CROTONE";1;2;0;0.0;0;0;0.0;0;0;0;0;0;0;0;0;0;0;0;0;0;0;0;0;4
718;4;"NETO Pedro";"LAZIO";1;2;0;0.0;0;0;0.0;0;0;0;0;0;0;0;0;0;0;0;0;0;0;0;1;2
719;4;"JORDAO Bruno";"LAZIO";1;2;0;0.0;0;0;0.0;0;0;0;0;0;0;0;0;0;0;0;0;0;0;0;0;1
720;4;"IVAN David";"SAMPDORIA";1;2;0;0.0;0;0;0.0;0;0;0;0;0;0;0;0;0;0;0;0;0;0;0;0;3
721;4;"DONNARUMMA Alessio";"BENEVENTO";1;2;0;0.0;0;0;0.0;0;0;0;0;0;0;0;0;0;0;0;0;0;0;0;0;1
802;4;"BERARDI Domenico";"SASSUOLO";1;3;0;0.0;0;0;0.0;0;0;0;0;0;0;0;0;0;0;0;0;0;0;0;1;23
803;4;"BORINI Fabio";"MILAN";1;3;0;0.0;0;0;0.0;0;0;0;0;0;0;0;0;0;0;0;0;0;0;0;1;6
804;4;"BOYE' Lucas";"TORINO";1;3;1;5.0;0;1;5.0;0;0;0;0;0;0;0;0;0;0;0;0;1;0;1;1;6
805;4;"CALLEJON Jose' Maria Bueno";"NAPOLI";1;3;1;10.5;0;1;7.0;1;0;0;0;0;0;0;0;0;0;0;0;1;1;1;1;29
807;4;"CERCI Alessio";"VERONA";1;3;0;0.0;0;0;0.0;0;0;0;0;0;0;0;0;0;0;0;0;0;0;0;1;12
808;4;"DI FRANCESCO Federico";"BOLOGNA";1;3;1;4.5;0;1;5.0;0;0;0;0;0;1;0;0;0;0;0;0;1;1;1;1;11
809;4;"DYBALA Paulo";"JUVENTUS";1;3;1;19.5;0;1;9.0;3;0;1;0;0;0;0;0;0;0;0;0;1;1;1;1;47
810;4;"EDER Citadin martins";"INTER";1;3;0;0.0;0;0;0.0;0;0;0;0;0;0;0;0;0;0;0;0;0;0;0;1;14
811;4;"EL SHAARAWY";"ROMA";1;3;1;7.5;0;1;6.5;0;0;0;0;1;0;0;0;0;0;0;0;1;1;1;1;18
812;4;"FARIAS Diego";"CAGLIARI";1;3;1;5.5;0;1;5.5;0;0;0;0;0;0;0;0;0;0;0;0;1;0;1;1;13
816;4;"GOMEZ Alejandro";"ATALANTA";1;3;1;10.0;0;1;6.5;1;0;0;1;0;0;0;1;0;0;0;0;1;0;1;1;29
817;4;"INSIGNE Lorenzo";"NAPOLI";1;3;1;12.0;0;1;7.5;1;0;0;0;1;0;0;0;0;0;0;0;1;1;1;1;33
822;4;"KOTNIK Andrej";"CROTONE";1;3;0;0.0;0;0;0.0;0;0;0;0;0;0;0;0;0;0;0;0;0;0;0;1;4
823;4;"LEANDRINHO";"NAPOLI";1;3;0;0.0;0;0;0.0;0;0;0;0;0;0;0;0;0;0;0;0;0;0;0;1;2
824;4;"LERIS Mehdi";"CHIEVO";1;3;0;0.0;0;0;0.0;0;0;0;0;0;0;0;0;0;0;0;0;0;0;0;1;1
825;4;"LOMBARDI Cristiano";"BENEVENTO";1;3;1;4.5;0;1;4.5;0;0;0;0;0;0;0;0;0;0;0;0;1;1;1;1;4
827;4;"MATOS";"UDINESE";1;3;1;5.5;0;1;5.5;0;0;0;0;0;0;0;0;0;0;0;0;1;0;1;1;4
828;4;"MERTENS Dries";"NAPOLI";1;3;1;18.5;0;1;8.0;3;0;0;0;0;0;0;2;0;0;0;0;1;1;1;1;43
829;4;"OKONKWO Orji";"BOLOGNA";1;3;0;0.0;0;0;0.0;0;0;0;0;0;0;0;0;0;0;0;0;1;0;0;1;3
830;4;"ORSOLINI Riccardo";"ATALANTA";1;3;1;6.5;0;1;6.5;0;0;0;0;0;0;0;0;0;0;0;0;1;0;1;1;10
831;4;"OUNAS Adam";"NAPOLI";1;3;1;6.5;0;1;6.5;0;0;0;0;0;0;0;0;0;0;0;0;1;0;1;1;9
832;4;"PALLADINO Raffaele";"GENOA";1;3;0;0.0;0;0;0.0;0;0;0;0;0;0;0;0;0;0;0;0;0;0;0;1;7
833;4;"PANDEV Goran";"GENOA";1;3;0;0.0;0;0;0.0;0;0;0;0;0;0;0;0;0;0;0;0;0;0;0;1;9
834;4;"PARIGINI Vittorio";"BENEVENTO";1;3;0;0.0;0;0;0.0;0;0;0;0;0;0;0;0;0;0;0;0;1;0;0;1;4
835;4;"PIERINI Nicholas";"SASSUOLO";1;3;0;0.0;0;0;0.0;0;0;0;0;0;0;0;0;0;0;0;0;0;0;0;1;1
836;4;"PJACA Marko";"JUVENTUS";1;3;0;0.0;0;0;0.0;0;0;0;0;0;0;0;0;0;0;0;0;0;0;0;1;11
837;4;"POLITANO Matteo";"SASSUOLO";1;3;1;9.5;0;1;6.0;1;0;0;0;0;0;0;0;0;0;0;0;1;1;1;1;17
838;4;"RAGUSA Antonino";"SASSUOLO";1;3;1;5.5;0;1;5.5;0;0;0;0;0;0;0;0;0;0;0;0;1;0;1;1;8
840;4;"RICCI Federico";"GENOA";1;3;1;5.5;0;1;5.5;0;0;0;0;0;0;0;0;0;0;0;0;1;1;1;1;6
841;4;"SUSO";"MILAN";1;3;1;5.5;0;1;5.5;0;0;0;0;0;0;0;0;0;0;0;0;1;1;1;1;23
842;4;"TONEV Aleksandar";"CROTONE";1;3;1;6.0;0;1;6.0;0;0;0;0;0;0;0;0;0;0;0;0;1;1;1;1;5
843;4;"VERDE Daniele";"VERONA";1;3;1;6.0;0;1;6.0;0;0;0;0;0;0;0;0;0;0;0;0;1;0;1;1;8
844;4;"VERDI Simone";"BOLOGNA";1;3;1;6.0;0;1;6.0;0;0;0;0;0;0;0;0;0;0;0;0;1;1;1;1;18
845;4;"ANTENUCCI Mirco";"SPAL";1;3;1;6.0;0;1;6.0;0;0;0;0;0;0;0;0;0;0;0;0;1;0;1;0;13
846;4;"AVENATTI Felipe";"BOLOGNA";1;3;0;0.0;0;0;0.0;0;0;0;0;0;0;0;0;0;0;0;0;0;0;0;0;8
847;4;"BABACAR Khouma";"FIORENTINA";1;3;0;0.0;0;0;0.0;0;0;0;0;0;0;0;0;0;0;0;0;0;0;0;0;15
849;4;"BALDE Ibourahima";"SAMPDORIA";1;3;0;0.0;0;0;0.0;0;0;0;0;0;0;0;0;0;0;0;0;0;0;0;0;1
850;4;"BELOTTI Andrea";"TORINO";1;3;1;9.5;0;1;6.5;1;0;0;0;0;0;0;0;0;0;0;0;1;1;1;0;35
851;4;"BONAZZOLI Federico";"SPAL";1;3;0;0.0;0;0;0.0;0;0;0;0;0;0;0;0;0;0;0;0;1;0;0;0;5
852;4;"BORRIELLO Marco";"SPAL";1;3;1;5.0;0;1;5.0;0;0;0;0;0;0;0;0;0;0;0;0;1;1;1;0;23
853;4;"BUDIMIR Ante";"CROTONE";1;3;1;5.5;0;1;5.5;0;0;0;0;0;0;0;0;0;0;0;0;1;1;1;0;14
854;4;"CAPRARI Gianluca";"SAMPDORIA";1;3;0;0.0;0;0;0.0;0;0;0;0;0;0;0;0;0;0;0;0;0;0;0;0;15
858;4;"CODA Massimo";"BENEVENTO";1;3;1;4.0;0;1;4.0;0;0;0;0;0;0;0;0;0;0;0;0;1;1;1;0;13
860;4;"CORNELIUS Andreas";"ATALANTA";1;3;0;0.0;0;0;0.0;0;0;0;0;0;0;0;0;0;0;0;0;0;0;0;0;13
861;4;"CUTRONE Patrik";"MILAN";1;3;1;6.0;0;1;6.0;0;0;0;0;0;0;0;0;0;0;0;0;1;0;1;0;6
862;4;"DEFREL Gregoire";"ROMA";1;3;0;0.0;0;0;0.0;0;0;0;0;0;0;0;0;0;0;0;0;0;0;0;0;16
863;4;"DESTRO Mattia";"BOLOGNA";1;3;0;0.0;0;0;0.0;0;0;0;0;0;0;0;0;0;0;0;0;0;0;0;0;16
864;4;"DJORDJEVIC Filip";"LAZIO";1;3;0;0.0;0;0;0.0;0;0;0;0;0;0;0;0;0;0;0;0;0;0;0;0;9
865;4;"DZEKO Edin";"ROMA";1;3;1;13.5;0;1;7.5;2;0;0;0;0;0;0;0;0;0;0;0;1;1;1;0;37
866;4;"FALCINELLI Diego";"SASSUOLO";1;3;1;5.5;0;1;5.5;0;0;0;0;0;0;0;0;0;0;0;0;1;1;1;0;16
867;4;"FLOCCARI Sergio";"SPAL";1;3;0;0.0;0;0;0.0;0;0;0;0;0;0;0;0;0;0;0;0;0;0;0;0;14
868;4;"GALABINOV Andrej";"GENOA";1;3;0;0.0;0;0;0.0;0;0;0;0;0;0;0;0;0;0;0;0;0;0;0;0;14
869;4;"GIANNETTI Niccolo'";"CAGLIARI";1;3;0;0.0;0;0;0.0;0;0;0;0;0;0;0;0;0;0;0;0;0;0;0;0;6
871;4;"HIGUAIN Gonzalo Gerardo";"JUVENTUS";1;3;1;5.0;0;1;5.0;0;0;0;0;0;0;0;0;0;0;0;0;1;1;1;0;37
872;4;"ICARDI Mauro Emanuel";"INTER";1;3;1;5.0;0;1;5.0;0;0;0;0;0;0;0;0;0;0;0;0;1;1;1;0;41
873;4;"IEMMELLO Pietro";"BENEVENTO";1;3;0;0.0;0;0;0.0;0;0;0;0;0;0;0;0;0;0;0;0;0;0;0;0;10
874;4;"IMMOBILE Ciro";"LAZIO";1;3;1;13.5;0;1;7.5;2;0;1;0;0;0;0;0;0;0;0;0;1;1;1;0;41
875;4;"INGLESE Roberto";"CHIEVO";1;3;1;6.5;0;1;6.5;0;0;0;0;0;0;0;0;0;0;0;0;1;1;1;0;18
876;4;"KALINIC Nikola";"MILAN";1;3;1;14.0;0;1;8.0;2;0;1;0;0;0;0;0;0;0;0;0;1;1;1;0;26
877;4;"KEAN Moise";"VERONA";1;3;1;4.5;0;1;4.5;0;0;0;0;0;0;0;0;0;0;0;0;1;1;1;0;6
878;4;"KOWNACKI Dawid";"SAMPDORIA";1;3;0;0.0;0;0;0.0;0;0;0;0;0;0;0;0;0;0;0;0;0;0;0;0;7
879;4;"LAPADULA Gianluca";"GENOA";1;3;0;0.0;0;0;0.0;0;0;0;0;0;0;0;0;0;0;0;0;0;0;0;0;14
880;4;"LASAGNA Kevin";"UDINESE";1;3;1;10.0;0;1;7.0;1;0;0;0;0;0;0;0;0;0;0;0;1;1;1;0;15
881;4;"MANDZUKIC Mario";"JUVENTUS";1;3;1;7.5;0;1;6.5;0;0;0;0;1;0;0;0;0;0;0;0;1;1;1;0;19
882;4;"MATRI Alessandro";"SASSUOLO";1;3;0;0.0;0;0;0.0;0;0;0;0;0;0;0;0;0;0;0;0;1;0;0;0;15
883;4;"MEGGIORINI Riccardo";"CHIEVO";1;3;0;0.0;0;0;0.0;0;0;0;0;0;0;0;0;0;0;0;0;0;0;0;0;11
884;4;"MELCHIORRI Federico";"CAGLIARI";1;3;0;0.0;0;0;0.0;0;0;0;0;0;0;0;0;0;0;0;0;0;0;0;0;7
885;4;"MILIK Arkadiusz";"NAPOLI";1;3;0;0.0;0;0;0.0;0;0;0;0;0;0;0;0;0;0;0;0;0;0;0;0;20
887;4;"NIANG M'Baye";"TORINO";1;3;1;6.0;0;1;5.0;0;0;0;0;1;0;0;0;0;0;0;0;1;1;1;0;13
888;4;"PALOMBI Simone";"LAZIO";1;3;0;0.0;0;0;0.0;0;0;0;0;0;0;0;0;0;0;0;0;0;0;0;0;7
889;4;"PALOSCHI Alberto";"SPAL";1;3;1;5.0;0;1;5.0;0;0;0;0;0;0;0;0;0;0;0;0;1;1;1;0;12
890;4;"PAVOLETTI Leonardo";"CAGLIARI";1;3;1;6.5;0;1;6.5;0;0;0;0;0;0;0;0;0;0;0;0;1;1;1;0;15
891;4;"PAZZINI Giampaolo";"VERONA";1;3;1;6.0;0;1;6.0;0;0;0;0;0;0;0;0;0;0;0;0;1;0;1;0;18
892;4;"PELLEGRI Pietro";"GENOA";1;3;1;13.5;0;1;7.5;2;0;0;0;0;0;0;0;0;0;0;0;1;0;1;0;7
893;4;"PELLISSIER Sergio";"CHIEVO";1;3;0;0.0;0;0;0.0;0;0;0;0;0;0;0;0;0;0;0;0;0;0;0;0;12
894;4;"PERICA Stipe";"UDINESE";1;3;0;0.0;0;0;0.0;0;0;0;0;0;0;0;0;0;0;0;0;0;0;0;0;12
895;4;"PETAGNA Andrea";"ATALANTA";1;3;1;6.0;0;1;6.0;0;0;0;0;0;0;0;0;0;0;0;0;1;1;1;0;16
896;4;"PETKOVIC Bruno";"BOLOGNA";1;3;1;6.0;0;1;6.0;0;0;0;0;0;0;0;0;0;0;0;0;1;0;1;0;8
897;4;"PINAMONTI Andrea";"INTER";1;3;0;0.0;0;0;0.0;0;0;0;0;0;0;0;0;0;0;0;0;0;0;0;0;4
898;4;"PUCCIARELLI Manuel";"CHIEVO";1;3;0;0.0;0;0;0.0;0;0;0;0;0;0;0;0;0;0;0;0;1;0;0;0;12
899;4;"PUSCAS George";"BENEVENTO";1;3;0;0.0;0;0;0.0;0;0;0;0;0;0;0;0;0;0;0;0;0;0;0;0;9
900;4;"QUAGLIARELLA Fabio";"SAMPDORIA";1;3;1;9.5;0;1;6.5;1;0;0;1;0;0;0;0;0;0;0;0;1;1;1;0;24
903;4;"SADIQ Umar";"TORINO";1;3;0;0.0;0;0;0.0;0;0;0;0;0;0;0;0;0;0;0;0;0;0;0;0;5
904;4;"SALCEDO Eddie";"GENOA";1;3;0;0.0;0;0;0.0;0;0;0;0;0;0;0;0;0;0;0;0;0;0;0;0;1
905;4;"SAU Marco";"CAGLIARI";1;3;1;6.0;0;1;6.0;0;0;0;0;0;0;0;0;0;0;0;0;1;1;1;0;15
906;4;"SCAMACCA Gianluca";"SASSUOLO";1;3;0;0.0;0;0;0.0;0;0;0;0;0;0;0;0;0;0;0;0;0;0;0;0;1
907;4;"SCHICK Patrik";"ROMA";1;3;1;6.0;0;1;6.0;0;0;0;0;0;0;0;0;0;0;0;0;1;0;1;0;19
908;4;"SILVA Andre'";"MILAN";1;3;0;0.0;0;0;0.0;0;0;0;0;0;0;0;0;0;0;0;0;0;0;0;0;21
909;4;"SIMEONE Giovanni";"FIORENTINA";1;3;1;5.5;0;1;5.5;0;0;0;0;0;0;0;0;0;0;0;0;1;1;1;0;21
910;4;"SIMY ";"CROTONE";1;3;0;0.0;0;0;0.0;0;0;0;0;0;0;0;0;0;0;0;0;0;0;0;0;6
911;4;"THEREAU Cyril";"FIORENTINA";1;3;1;5.5;0;1;5.5;0;0;0;0;0;0;0;0;0;0;0;0;1;1;1;0;22
912;4;"THIAM Mame";"JUVENTUS";1;3;0;0.0;0;0;0.0;0;0;0;0;0;0;0;0;0;0;0;0;0;0;0;0;5
913;4;"TROTTA Marcello";"CROTONE";1;3;0;0.0;0;0;0.0;0;0;0;0;0;0;0;0;0;0;0;0;0;0;0;0;10
914;4;"TUMMINELLO Marco";"CROTONE";1;3;0;0.0;0;0;0.0;0;0;0;0;0;0;0;0;0;0;0;0;1;0;0;0;1
915;4;"TUPTA Lubomir";"VERONA";1;3;0;0.0;0;0;0.0;0;0;0;0;0;0;0;0;0;0;0;0;0;0;0;0;1
916;4;"VIDO Luca";"ATALANTA";1;3;0;0.0;0;0;0.0;0;0;0;0;0;0;0;0;0;0;0;0;0;0;0;0;5
917;4;"ZAPATA Duvan";"SAMPDORIA";1;3;1;9.5;0;1;6.5;1;0;0;0;0;0;0;0;0;0;0;0;1;1;1;0;15
918;4;"CENTURION Ricardo";"GENOA";1;3;1;5.5;0;1;5.5;0;0;0;0;0;0;0;0;0;0;0;0;1;1;1;1;9
919;4;"BAJIC Riad";"UDINESE";1;3;1;6.0;0;1;6.0;0;0;0;0;0;0;0;0;0;0;0;0;1;0;1;0;13
920;4;"CAICEDO Felipe";"LAZIO";1;3;1;6.0;0;1;6.0;0;0;0;0;0;0;0;0;0;0;0;0;1;0;1;0;13
921;4;"EDERA Simone";"TORINO";1;3;0;0.0;0;0;0.0;0;0;0;0;0;0;0;0;0;0;0;0;1;0;0;1;2
922;4;"TAARABT Adel";"GENOA";1;3;1;6.0;0;1;6.0;0;0;0;0;0;0;0;0;0;0;0;0;1;1;1;1;9
923;4;"BORELLO Giuseppe";"CROTONE";1;3;0;0.0;0;0;0.0;0;0;0;0;0;0;0;0;0;0;0;0;0;0;0;1;1
924;4;"PALACIO Rodrigo";"BOLOGNA";1;3;1;10.0;0;1;7.0;1;0;0;0;0;1;0;0;0;0;0;0;1;1;1;1;14
925;4;"UBALDI Leonardo";"SPAL";1;3;0;0.0;0;0;0.0;0;0;0;0;0;0;0;0;0;0;0;0;0;0;0;0;1
926;4;"PEREA Brayan";"LAZIO";1;3;0;0.0;0;0;0.0;0;0;0;0;0;0;0;0;0;0;0;0;0;0;0;0;4
927;4;"BRIGNOLA Enrico";"BENEVENTO";1;3;0;0.0;0;0;0.0;0;0;0;0;0;0;0;0;0;0;0;0;0;0;0;1;1
928;4;"ARMENTEROS Samuel";"BENEVENTO";1;3;1;4.5;0;1;4.5;0;0;0;0;0;0;0;0;0;0;0;0;1;1;1;0;14
929;4;"LEE Seung-woo";"VERONA";1;3;0;0.0;0;0;0.0;0;0;0;0;0;0;0;0;0;0;0;0;0;0;0;1;2
930;4;"NANI Luis carlos";"LAZIO";1;3;0;0.0;0;0;0.0;0;0;0;0;0;0;0;0;0;0;0;0;0;0;0;1;15
931;4;"LOPEZ Maxi";"UDINESE";1;3;1;5.5;0;1;5.5;0;0;0;0;0;0;0;0;0;0;0;0;1;1;1;0;12
932;4;"STEPINSKI Mariusz";"CHIEVO";1;3;0;0.0;0;0;0.0;0;0;0;0;0;0;0;0;0;0;0;0;0;0;0;0;12
933;4;"KARAMOH Yann";"INTER";1;3;0;0.0;0;0;0.0;0;0;0;0;0;0;0;0;0;0;0;0;0;0;0;1;13
934;4;"LO FASO Simone";"FIORENTINA";1;3;0;0.0;0;0;0.0;0;0;0;0;0;0;0;0;0;0;0;0;0;0;0;1;2